/* Generated from Google Fonts Montserrat[wght].ttf, SHA-256 0f7b311b2f3279e4eef9b2f968bcdbab6e28f4daeb1f049f4f278a902bcd82f7.
 * Font data is licensed under SIL OFL 1.1: firmware/fonts/OFL-Montserrat.txt. */
#include "screen_font_data.h"
static const uint8_t montserrat_small_bitmap[] = {
  0x3d, 0x02, 0xd0, 0x2c, 0x01, 0xc0, 0x19, 0x00, 0x20, 0x3d, 0x00, 0x00, 0x67, 0x67, 0x57, 0x57,
  0x34, 0x34, 0x00, 0x00, 0x00, 0x00, 0x00, 0x00, 0x00, 0x00, 0x00, 0xb0, 0x38, 0x01, 0x3e, 0x37,
  0x92, 0x38, 0xf8, 0xed, 0x60, 0x29, 0x08, 0x30, 0x6c, 0xf8, 0xf9, 0x32, 0x98, 0x3e, 0x31, 0x08,
  0x30, 0xb0, 0x00, 0x00, 0x01, 0x00, 0x00, 0x38, 0x00, 0x09, 0xff, 0xc4, 0x5b, 0x37, 0x11, 0x4d,
  0x57, 0x00, 0x06, 0xff, 0x81, 0x00, 0x39, 0x99, 0x33, 0x37, 0x5b, 0x4c, 0xff, 0xc3, 0x00, 0x38,
  0x00, 0x00, 0x01, 0x00, 0x00, 0x00, 0x00, 0x00, 0x02, 0xaa, 0x30, 0x29, 0x00, 0x81, 0x18, 0x0a,
  0x10, 0x07, 0x23, 0x77, 0x40, 0x00, 0x18, 0x84, 0x95, 0x84, 0x00, 0x00, 0xa2, 0x90, 0xa0, 0x00,
  0x84, 0x28, 0x09, 0x00, 0x38, 0x00, 0x98, 0x80, 0x00, 0x00, 0x00, 0x00, 0x00, 0x00, 0x00, 0x00,
  0x00, 0x4c, 0xb8, 0x00, 0x0a, 0x40, 0xc0, 0x00, 0x5d, 0xb6, 0x00, 0x07, 0xfd, 0x02, 0x15, 0xa0,
  0x7a, 0xa3, 0x78, 0x00, 0xbf, 0x01, 0xbc, 0xca, 0x87, 0x00, 0x00, 0x00, 0x00, 0x67, 0x57, 0x34,
  0x00, 0x00, 0x00, 0x00, 0x00, 0x60, 0x05, 0x90, 0x0a, 0x40, 0x0d, 0x10, 0x0e, 0x00, 0x0e, 0x00,
  0x0e, 0x00, 0x0c, 0x20, 0x08, 0x60, 0x02, 0xb0, 0x42, 0x04, 0xa0, 0x0d, 0x10, 0xa4, 0x08, 0x60,
  0x86, 0x09, 0x50, 0xb3, 0x1d, 0x06, 0x70, 0x02, 0x20, 0x67, 0x76, 0x2e, 0xe2, 0x56, 0x65, 0x01,
  0x10, 0x00, 0x00, 0x00, 0x00, 0x00, 0x00, 0x00, 0x53, 0x00, 0x00, 0x85, 0x00, 0x4c, 0xff, 0xc2,
  0x00, 0x85, 0x00, 0x00, 0x53, 0x00, 0x00, 0x00, 0x00, 0x12, 0x6c, 0x37, 0x32, 0x12, 0x21, 0x4a,
  0xa3, 0x00, 0x00, 0x00, 0x00, 0x12, 0x6a, 0x00, 0x00, 0x00, 0x50, 0x00, 0x49, 0x00, 0x0a, 0x30,
  0x01, 0xc0, 0x00, 0x58, 0x00, 0x0a, 0x20, 0x01, 0xc0, 0x00, 0x67, 0x00, 0x0b, 0x20, 0x02, 0xb0,
  0x00, 0x00, 0x01, 0x00, 0x00, 0x5d, 0xdc, 0x20, 0x2e, 0x20, 0x6b, 0x06, 0x90, 0x00, 0xe1, 0x78,
  0x00, 0x0d, 0x26, 0x90, 0x00, 0xe1, 0x2d, 0x20, 0x6b, 0x00, 0x5d, 0xdc, 0x20, 0x00, 0x01, 0x00,
  0x00, 0xcf, 0xa0, 0x05, 0xa0, 0x05, 0xa0, 0x05, 0xa0, 0x05, 0xa0, 0x05, 0xa0, 0x05, 0xa0, 0x00,
  0x10, 0x00, 0x5d, 0xdd, 0x60, 0x42, 0x02, 0xe1, 0x00, 0x01, 0xe0, 0x00, 0x0b, 0x70, 0x00, 0xb8,
  0x00, 0x1b, 0x70, 0x00, 0x9f, 0xdd, 0xd5, 0x8d, 0xde, 0xf0, 0x00, 0x0b, 0x50, 0x00, 0x98, 0x00,
  0x00, 0xcd, 0x80, 0x00, 0x00, 0xd3, 0x41, 0x01, 0xd2, 0x7d, 0xde, 0x70, 0x00, 0x10, 0x00, 0x00,
  0x07, 0xa0, 0x00, 0x04, 0xc1, 0x00, 0x01, 0xd2, 0x10, 0x00, 0xb5, 0x0b, 0x40, 0x7e, 0x99, 0xfc,
  0x53, 0x44, 0x4f, 0x82, 0x00, 0x00, 0xb4, 0x00, 0x0f, 0xdd, 0xd0, 0x2c, 0x00, 0x00, 0x3d, 0x32,
  0x00, 0x3b, 0xad, 0xb0, 0x00, 0x00, 0xb5, 0x41, 0x00, 0xc4, 0x5d, 0xde, 0x90, 0x00, 0x10, 0x00,
  0x00, 0x01, 0x00, 0x03, 0xcd, 0xd4, 0x1d, 0x30, 0x00, 0x69, 0x13, 0x10, 0x7c, 0xc9, 0xd5, 0x6e,
  0x00, 0x3c, 0x2d, 0x10, 0x4c, 0x06, 0xdc, 0xc2, 0x00, 0x01, 0x00, 0xbf, 0xdd, 0xf8, 0xb4, 0x00,
  0xc3, 0x10, 0x04, 0xb0, 0x00, 0x0b, 0x50, 0x00, 0x3d, 0x00, 0x00, 0xa6, 0x00, 0x02, 0xe1, 0x00,
  0x00, 0x00, 0x00, 0x08, 0xcc, 0xc3, 0x4c, 0x00, 0x6a, 0x2d, 0x21, 0x89, 0x0b, 0xff, 0xf4, 0x79,
  0x00, 0x3d, 0x79, 0x00, 0x3e, 0x1a, 0xcb, 0xc4, 0x00, 0x00, 0x00, 0x00, 0x10, 0x00, 0x1b, 0xcd,
  0x80, 0x97, 0x00, 0xc4, 0xa5, 0x00, 0xc9, 0x3d, 0x9b, 0xca, 0x00, 0x32, 0x78, 0x00, 0x02, 0xd3,
  0x2d, 0xcd, 0x50, 0x00, 0x10, 0x00, 0x12, 0x6a, 0x00, 0x00, 0x12, 0x6a, 0x00, 0x12, 0x6a, 0x00,
  0x00, 0x12, 0x6c, 0x37, 0x32, 0x00, 0x01, 0x71, 0x04, 0xab, 0x60, 0x5f, 0x40, 0x00, 0x04, 0xab,
  0x60, 0x00, 0x01, 0x71, 0x00, 0x00, 0x00, 0x01, 0x11, 0x10, 0x4b, 0xbb, 0xb1, 0x00, 0x00, 0x00,
  0x4b, 0xbb, 0xb1, 0x01, 0x11, 0x10, 0x00, 0x00, 0x00, 0x36, 0x10, 0x00, 0x17, 0xc9, 0x30, 0x00,
  0x06, 0xf2, 0x17, 0xc9, 0x30, 0x36, 0x10, 0x00, 0x00, 0x00, 0x00, 0x00, 0x10, 0x00, 0x4d, 0xcd,
  0x60, 0x52, 0x02, 0xf0, 0x00, 0x03, 0xd0, 0x00, 0x3d, 0x20, 0x00, 0x85, 0x00, 0x00, 0x10, 0x00,
  0x00, 0xb5, 0x00, 0x00, 0x00, 0x00, 0x00, 0x00, 0x01, 0x00, 0x00, 0x00, 0x5a, 0xa9, 0xa8, 0x10,
  0x07, 0x91, 0x00, 0x04, 0xb1, 0x2b, 0x07, 0xdc, 0xaa, 0x57, 0x65, 0x4b, 0x00, 0xac, 0x0a, 0x74,
  0x77, 0x00, 0x5e, 0x0a, 0x65, 0x4b, 0x00, 0xac, 0x19, 0x1b, 0x07, 0xdc, 0x7d, 0xc4, 0x06, 0x91,
  0x00, 0x00, 0x00, 0x00, 0x4a, 0xaa, 0xa2, 0x00, 0x00, 0x00, 0x00, 0x00, 0x00, 0x00, 0x01, 0xf5,
  0x00, 0x00, 0x00, 0x89, 0xc0, 0x00, 0x00, 0x1d, 0x1a, 0x40, 0x00, 0x07, 0x80, 0x4b, 0x00, 0x00,
  0xfa, 0x88, 0xf3, 0x00, 0x5c, 0x44, 0x49, 0xa0, 0x0c, 0x40, 0x00, 0x0d, 0x20, 0x0e, 0xcc, 0xcb,
  0x20, 0x0e, 0x10, 0x07, 0x90, 0x0e, 0x10, 0x08, 0x80, 0x0f, 0xdc, 0xdf, 0x30, 0x0e, 0x10, 0x02,
  0xe0, 0x0e, 0x10, 0x02, 0xe0, 0x0e, 0xcc, 0xcc, 0x50, 0x00, 0x00, 0x10, 0x00, 0x1a, 0xed, 0xd4,
  0x0c, 0x70, 0x03, 0x56, 0xb0, 0x00, 0x00, 0x78, 0x00, 0x00, 0x06, 0xb0, 0x00, 0x00, 0x0c, 0x70,
  0x03, 0x50, 0x1a, 0xed, 0xc4, 0x00, 0x00, 0x10, 0x00, 0x0e, 0xdd, 0xdb, 0x30, 0x0e, 0x10, 0x04,
  0xd3, 0x0e, 0x10, 0x00, 0x69, 0x0e, 0x10, 0x00, 0x4b, 0x0e, 0x10, 0x00, 0x69, 0x0e, 0x10, 0x04,
  0xd3, 0x0e, 0xdd, 0xdb, 0x30, 0x0e, 0xdd, 0xdd, 0x00, 0xe1, 0x00, 0x00, 0x0e, 0x10, 0x00, 0x00,
  0xfe, 0xdd, 0x70, 0x0e, 0x10, 0x00, 0x00, 0xe1, 0x00, 0x00, 0x0e, 0xdd, 0xdd, 0x20, 0x0e, 0xdd,
  0xdd, 0x0e, 0x10, 0x00, 0x0e, 0x10, 0x00, 0x0f, 0xba, 0xa6, 0x0e, 0x33, 0x31, 0x0e, 0x10, 0x00,
  0x0e, 0x10, 0x00, 0x00, 0x00, 0x10, 0x00, 0x01, 0xae, 0xdd, 0x50, 0x0c, 0x70, 0x02, 0x50, 0x6b,
  0x00, 0x00, 0x00, 0x78, 0x00, 0x01, 0x70, 0x6b, 0x00, 0x02, 0xd0, 0x0c, 0x70, 0x04, 0xf0, 0x01,
  0xae, 0xdd, 0x70, 0x00, 0x00, 0x00, 0x00, 0x0e, 0x10, 0x00, 0xe1, 0x0e, 0x10, 0x00, 0xe1, 0x0e,
  0x10, 0x00, 0xe1, 0x0f, 0xed, 0xdd, 0xf1, 0x0e, 0x10, 0x00, 0xe1, 0x0e, 0x10, 0x00, 0xe1, 0x0e,
  0x10, 0x00, 0xe1, 0x0e, 0x10, 0xe1, 0x0e, 0x10, 0xe1, 0x0e, 0x10, 0xe1, 0x0e, 0x10, 0x05, 0xdd,
  0xf2, 0x00, 0x00, 0xd2, 0x00, 0x00, 0xd2, 0x00, 0x00, 0xd2, 0x00, 0x00, 0xd2, 0x05, 0x01, 0xe1,
  0x09, 0xdd, 0x70, 0x00, 0x00, 0x00, 0x0e, 0x10, 0x0a, 0x80, 0x0e, 0x10, 0x98, 0x00, 0x0e, 0x19,
  0x90, 0x00, 0x0e, 0x9f, 0x50, 0x00, 0x0f, 0xb3, 0xd3, 0x00, 0x0f, 0x10, 0x4d, 0x10, 0x0e, 0x10,
  0x06, 0xb0, 0x0e, 0x10, 0x00, 0x0e, 0x10, 0x00, 0x0e, 0x10, 0x00, 0x0e, 0x10, 0x00, 0x0e, 0x10,
  0x00, 0x0e, 0x10, 0x00, 0x0e, 0xdd, 0xdb, 0x0e, 0x30, 0x00, 0x09, 0x70, 0x0f, 0xb0, 0x00, 0x3f,
  0x70, 0x0e, 0xa5, 0x00, 0xca, 0x70, 0x0e, 0x2d, 0x16, 0x97, 0x70, 0x0e, 0x07, 0x9c, 0x17, 0x70,
  0x0e, 0x00, 0xe6, 0x07, 0x70, 0x0e, 0x00, 0x10, 0x07, 0x70, 0x0e, 0x40, 0x00, 0xe1, 0x0f, 0xe2,
  0x00, 0xe1, 0x0e, 0x6c, 0x10, 0xe1, 0x0e, 0x19, 0xa0, 0xe1, 0x0e, 0x10, 0xb7, 0xe1, 0x0e, 0x10,
  0x1d, 0xf1, 0x0e, 0x10, 0x03, 0xe1, 0x00, 0x00, 0x10, 0x00, 0x01, 0xae, 0xdd, 0x40, 0x0c, 0x70,
  0x03, 0xd4, 0x5b, 0x00, 0x00, 0x5b, 0x78, 0x00, 0x00, 0x2d, 0x5b, 0x00, 0x00, 0x5c, 0x0c, 0x60,
  0x03, 0xd4, 0x01, 0xae, 0xdd, 0x40, 0x00, 0x00, 0x10, 0x00, 0x0f, 0xdd, 0xd9, 0x00, 0xe1, 0x00,
  0xa7, 0x0e, 0x10, 0x05, 0xa0, 0xe1, 0x02, 0xb7, 0x0f, 0xed, 0xc7, 0x00, 0xe1, 0x00, 0x00, 0x0e,
  0x10, 0x00, 0x00, 0x00, 0x00, 0x10, 0x00, 0x00, 0x1a, 0xed, 0xd4, 0x00, 0x0c, 0x70, 0x03, 0xd4,
  0x05, 0xb0, 0x00, 0x05, 0xb0, 0x78, 0x00, 0x00, 0x2d, 0x05, 0xb0, 0x00, 0x05, 0xc0, 0x0c, 0x70,
  0x03, 0xd4, 0x00, 0x1a, 0xef, 0xd4, 0x00, 0x00, 0x00, 0x9b, 0x6a, 0x10, 0x00, 0x00, 0x36, 0x30,
  0x0f, 0xdd, 0xd8, 0x00, 0xe1, 0x00, 0xa7, 0x0e, 0x10, 0x05, 0xa0, 0xe1, 0x02, 0xb7, 0x0f, 0xed,
  0xf9, 0x00, 0xe1, 0x05, 0xb0, 0x0e, 0x10, 0x09, 0x70, 0x00, 0x01, 0x00, 0x09, 0xdc, 0xc4, 0x5b,
  0x00, 0x11, 0x4d, 0x30, 0x00, 0x06, 0xcd, 0x81, 0x00, 0x01, 0x99, 0x33, 0x00, 0x5b, 0x4c, 0xdc,
  0xc3, 0x00, 0x01, 0x00, 0xcd, 0xee, 0xdb, 0x00, 0x87, 0x00, 0x00, 0x87, 0x00, 0x00, 0x87, 0x00,
  0x00, 0x87, 0x00, 0x00, 0x87, 0x00, 0x00, 0x87, 0x00, 0x0f, 0x00, 0x01, 0xe0, 0x0f, 0x00, 0x01,
  0xe0, 0x0f, 0x00, 0x01, 0xe0, 0x0f, 0x00, 0x01, 0xe0, 0x0e, 0x10, 0x02, 0xd0, 0x0a, 0x70, 0x08,
  0x90, 0x02, 0xbd, 0xda, 0x10, 0x00, 0x00, 0x00, 0x00, 0x0c, 0x40, 0x00, 0x2d, 0x00, 0x5b, 0x00,
  0x08, 0x70, 0x00, 0xd3, 0x01, 0xd1, 0x00, 0x07, 0x90, 0x69, 0x00, 0x00, 0x1e, 0x1d, 0x20, 0x00,
  0x00, 0x9c, 0xb0, 0x00, 0x00, 0x02, 0xf4, 0x00, 0x00, 0x88, 0x00, 0x0e, 0x50, 0x03, 0xc3, 0xd0,
  0x05, 0xea, 0x00, 0x87, 0x0d, 0x30, 0xa5, 0xe0, 0x0d, 0x20, 0x88, 0x1d, 0x0a, 0x53, 0xb0, 0x02,
  0xd5, 0x90, 0x5a, 0x86, 0x00, 0x0d, 0xd4, 0x00, 0xdd, 0x20, 0x00, 0x7f, 0x00, 0x0a, 0xd0, 0x00,
  0x5c, 0x00, 0x2d, 0x20, 0x98, 0x0b, 0x50, 0x01, 0xdb, 0x90, 0x00, 0x07, 0xf2, 0x00, 0x02, 0xd8,
  0xb0, 0x00, 0xb5, 0x0a, 0x80, 0x8a, 0x00, 0x1d, 0x40, 0x0b, 0x50, 0x00, 0xc3, 0x02, 0xd1, 0x06,
  0x90, 0x00, 0x88, 0x1d, 0x10, 0x00, 0x1d, 0xc6, 0x00, 0x00, 0x06, 0xe0, 0x00, 0x00, 0x04, 0xb0,
  0x00, 0x00, 0x04, 0xb0, 0x00, 0x6d, 0xdd, 0xef, 0x20, 0x00, 0x0a, 0x70, 0x00, 0x07, 0xa0, 0x00,
  0x04, 0xc1, 0x00, 0x02, 0xd2, 0x00, 0x01, 0xd4, 0x00, 0x00, 0x8f, 0xdd, 0xdd, 0x40, 0x06, 0x61,
  0x0e, 0x61, 0x0e, 0x00, 0x0e, 0x00, 0x0e, 0x00, 0x0e, 0x00, 0x0e, 0x00, 0x0e, 0x00, 0x0e, 0x00,
  0x0d, 0xc2, 0x24, 0x00, 0x01, 0xc0, 0x00, 0x0b, 0x20, 0x00, 0x58, 0x00, 0x01, 0xc0, 0x00, 0x0a,
  0x30, 0x00, 0x58, 0x00, 0x00, 0xd0, 0x00, 0x09, 0x40, 0x00, 0x49, 0x56, 0x25, 0xc4, 0x0a, 0x40,
  0xa4, 0x0a, 0x40, 0xa4, 0x0a, 0x40, 0xa4, 0x0a, 0x4a, 0xd4, 0x00, 0x64, 0x00, 0x00, 0xba, 0x00,
  0x06, 0x68, 0x30, 0x0b, 0x12, 0x90, 0x15, 0x00, 0x70, 0x00, 0x00, 0x00, 0x99, 0x99, 0x90, 0x03,
  0x30, 0x00, 0x01, 0xa4, 0x00, 0x00, 0x00, 0x00, 0x00, 0x00, 0x00, 0x00, 0x00, 0x00, 0x00, 0x00,
  0x00, 0x00, 0x00, 0x00, 0x00, 0x00, 0x00, 0x01, 0x54, 0x00, 0x2c, 0x8a, 0xb0, 0x00, 0x11, 0xe1,
  0x2c, 0xaa, 0xf2, 0x68, 0x01, 0xf2, 0x2c, 0xbb, 0xe2, 0x00, 0x00, 0x00, 0x16, 0x00, 0x00, 0x01,
  0xd0, 0x00, 0x00, 0x1d, 0x15, 0x30, 0x01, 0xfc, 0x8c, 0xa0, 0x1f, 0x20, 0x0c, 0x41, 0xf0, 0x00,
  0xa5, 0x1f, 0x50, 0x2d, 0x21, 0xdb, 0xdd, 0x60, 0x00, 0x00, 0x00, 0x00, 0x00, 0x45, 0x10, 0x1c,
  0xa8, 0xd2, 0x6a, 0x00, 0x10, 0x87, 0x00, 0x00, 0x5c, 0x10, 0x51, 0x07, 0xdd, 0xa1, 0x00, 0x00,
  0x00, 0x00, 0x00, 0x06, 0x00, 0x00, 0x01, 0xe0, 0x00, 0x44, 0x1e, 0x01, 0xca, 0x9c, 0xe0, 0x7a,
  0x00, 0x5f, 0x08, 0x70, 0x02, 0xf0, 0x5c, 0x10, 0x7f, 0x00, 0x8e, 0xd9, 0xe0, 0x00, 0x00, 0x00,
  0x00, 0x00, 0x45, 0x10, 0x1c, 0x99, 0xd2, 0x69, 0x00, 0x78, 0x8f, 0xaa, 0xb7, 0x5c, 0x10, 0x30,
  0x07, 0xdc, 0xb2, 0x00, 0x00, 0x00, 0x01, 0x64, 0x0c, 0x75, 0x4f, 0x52, 0x6f, 0x84, 0x0e, 0x00,
  0x0e, 0x00, 0x0e, 0x00, 0x0e, 0x00, 0x00, 0x45, 0x14, 0x01, 0xca, 0x8c, 0xf0, 0x79, 0x00, 0x3f,
  0x08, 0x70, 0x01, 0xf0, 0x3d, 0x42, 0x9f, 0x00, 0x4a, 0xb6, 0xe0, 0x05, 0x00, 0x5b, 0x01, 0x9d,
  0xdb, 0x20, 0x16, 0x00, 0x00, 0x01, 0xd0, 0x00, 0x00, 0x1d, 0x15, 0x30, 0x01, 0xfc, 0x8c, 0x80,
  0x1f, 0x10, 0x2d, 0x01, 0xd0, 0x00, 0xe0, 0x1d, 0x00, 0x0e, 0x01, 0xd0, 0x00, 0xe0, 0x44, 0x05,
  0x50, 0x04, 0x01, 0xd0, 0x1d, 0x01, 0xd0, 0x1d, 0x01, 0xd0, 0x04, 0x40, 0x05, 0x50, 0x00, 0x40,
  0x00, 0xe0, 0x00, 0xe0, 0x00, 0xe0, 0x00, 0xe0, 0x00, 0xe0, 0x02, 0xd0, 0xad, 0x60, 0x16, 0x00,
  0x00, 0x01, 0xd0, 0x00, 0x00, 0x1d, 0x00, 0x23, 0x01, 0xd0, 0x3d, 0x30, 0x1d, 0x4e, 0x30, 0x01,
  0xfd, 0xf3, 0x00, 0x1f, 0x14, 0xd1, 0x01, 0xd0, 0x07, 0xb0, 0x16, 0x01, 0xd0, 0x1d, 0x01, 0xd0,
  0x1d, 0x01, 0xd0, 0x1d, 0x01, 0xd0, 0x04, 0x15, 0x30, 0x25, 0x20, 0x01, 0xeb, 0x8d, 0xbc, 0x8d,
  0x40, 0x1f, 0x10, 0x4f, 0x10, 0x5a, 0x01, 0xd0, 0x03, 0xc0, 0x04, 0xb0, 0x1d, 0x00, 0x3c, 0x00,
  0x4b, 0x01, 0xd0, 0x03, 0xc0, 0x04, 0xb0, 0x04, 0x15, 0x30, 0x01, 0xfc, 0x8c, 0x80, 0x1f, 0x10,
  0x2d, 0x01, 0xd0, 0x00, 0xe0, 0x1d, 0x00, 0x0e, 0x01, 0xd0, 0x00, 0xe0, 0x00, 0x45, 0x10, 0x1c,
  0xa9, 0xd3, 0x6a, 0x00, 0x4c, 0x87, 0x00, 0x1e, 0x5c, 0x10, 0x7a, 0x07, 0xdd, 0xb1, 0x00, 0x00,
  0x00, 0x04, 0x15, 0x30, 0x01, 0xfc, 0x8c, 0xa0, 0x1f, 0x20, 0x0c, 0x41, 0xf0, 0x00, 0xa5, 0x1f,
  0x50, 0x2d, 0x21, 0xeb, 0xdd, 0x60, 0x1d, 0x00, 0x00, 0x01, 0xc0, 0x00, 0x00, 0x00, 0x44, 0x14,
  0x01, 0xca, 0x9c, 0xe0, 0x6a, 0x00, 0x5f, 0x08, 0x70, 0x02, 0xf0, 0x5c, 0x10, 0x8f, 0x00, 0x8e,
  0xda, 0xe0, 0x00, 0x00, 0x1e, 0x00, 0x00, 0x01, 0xd0, 0x04, 0x14, 0x1e, 0xc7, 0x1f, 0x10, 0x1d,
  0x00, 0x1d, 0x00, 0x1d, 0x00, 0x02, 0x53, 0x05, 0xc7, 0xa5, 0x89, 0x10, 0x01, 0x8c, 0xc4, 0x20,
  0x05, 0xa6, 0xdc, 0xc4, 0x00, 0x00, 0x00, 0x06, 0x00, 0x4f, 0x52, 0x6f, 0x84, 0x0e, 0x00, 0x0e,
  0x00, 0x0e, 0x10, 0x08, 0xda, 0x00, 0x00, 0x14, 0x00, 0x04, 0x02, 0xc0, 0x02, 0xd0, 0x2c, 0x00,
  0x2d, 0x02, 0xd0, 0x02, 0xd0, 0x1e, 0x10, 0x7d, 0x00, 0x7d, 0xd9, 0xd0, 0x00, 0x00, 0x00, 0x00,
  0x04, 0x00, 0x02, 0x20, 0xa5, 0x00, 0xa4, 0x04, 0xb0, 0x2c, 0x00, 0x0c, 0x39, 0x60, 0x00, 0x5a,
  0xd0, 0x00, 0x00, 0xf8, 0x00, 0x40, 0x00, 0x40, 0x00, 0x4a, 0x40, 0x3f, 0x30, 0x49, 0x49, 0x09,
  0x99, 0x09, 0x40, 0xd1, 0xc0, 0xd1, 0xc0, 0x08, 0xa8, 0x08, 0xa8, 0x00, 0x2f, 0x20, 0x2f, 0x20,
  0x32, 0x00, 0x41, 0x3c, 0x16, 0xa0, 0x06, 0xcc, 0x10, 0x01, 0xf8, 0x00, 0x0b, 0x6c, 0x30, 0x79,
  0x02, 0xd1, 0x04, 0x00, 0x02, 0x20, 0xa5, 0x00, 0xa4, 0x03, 0xb0, 0x2c, 0x00, 0x0c, 0x38, 0x60,
  0x00, 0x5a, 0xd0, 0x00, 0x00, 0xf7, 0x00, 0x01, 0x1d, 0x10, 0x01, 0xcd, 0x50, 0x00, 0x24, 0x44,
  0x34, 0x88, 0xe9, 0x00, 0x4c, 0x00, 0x2d, 0x20, 0x1c, 0x30, 0x08, 0xfc, 0xca, 0x00, 0x52, 0x08,
  0xb2, 0x0a, 0x50, 0x0a, 0x50, 0x1b, 0x40, 0x4e, 0x20, 0x0a, 0x50, 0x0a, 0x50, 0x09, 0x60, 0x04,
  0xd4, 0x06, 0x00, 0xd0, 0x0d, 0x00, 0xd0, 0x0d, 0x00, 0xd0, 0x0d, 0x00, 0xd0, 0x0d, 0x00, 0xd0,
  0x53, 0x00, 0x5e, 0x10, 0x0c, 0x20, 0x0c, 0x20, 0x0c, 0x50, 0x09, 0xb0, 0x0c, 0x20, 0x0c, 0x20,
  0x0d, 0x20, 0xaa, 0x00, 0x04, 0x30, 0x21, 0x4a, 0xa9, 0xb1, 0x21, 0x03, 0x20, 0x00, 0x00, 0x00,
  0x00, 0x00, 0x00, 0x00, 0x11, 0x11, 0x00, 0x04, 0x55, 0x40, 0x00, 0x00, 0x00, 0x00, 0xed, 0xdd,
  0xd0, 0x0e, 0x10, 0x00, 0x00, 0xe1, 0x00, 0x00, 0x0f, 0xed, 0xd7, 0x00, 0xe1, 0x00, 0x00, 0x0e,
  0x10, 0x00, 0x00, 0xed, 0xdd, 0xd2, 0x00, 0x01, 0xf5, 0x00, 0x00, 0x00, 0x89, 0xc0, 0x00, 0x00,
  0x1d, 0x1a, 0x40, 0x00, 0x07, 0x80, 0x4b, 0x00, 0x00, 0xfa, 0x88, 0xf3, 0x00, 0x5c, 0x44, 0x49,
  0xa0, 0x0c, 0x40, 0x00, 0x0d, 0x20, 0x0e, 0xdd, 0xdd, 0x50, 0xe1, 0x00, 0x00, 0x0e, 0x32, 0x20,
  0x00, 0xea, 0xaa, 0xd4, 0x0e, 0x10, 0x05, 0xb0, 0xe1, 0x00, 0x6a, 0x0e, 0xcc, 0xcb, 0x20, 0x0e,
  0xcc, 0xcb, 0x10, 0xe1, 0x00, 0x97, 0x0e, 0x10, 0x0a, 0x50, 0xec, 0xbe, 0xd2, 0x0e, 0x10, 0x05,
  0xb0, 0xe1, 0x00, 0x4c, 0x0e, 0xcc, 0xcc, 0x30, 0x0e, 0xdd, 0xd9, 0x0e, 0x10, 0x00, 0x0e, 0x10,
  0x00, 0x0e, 0x10, 0x00, 0x0e, 0x10, 0x00, 0x0e, 0x10, 0x00, 0x0e, 0x10, 0x00, 0x03, 0xed, 0xdd,
  0xb0, 0x04, 0xa0, 0x04, 0xb0, 0x04, 0x90, 0x04, 0xb0, 0x05, 0x80, 0x04, 0xb0, 0x07, 0x60, 0x04,
  0xb0, 0x0c, 0x20, 0x04, 0xb0, 0xcf, 0xdd, 0xdf, 0xfa, 0xd1, 0x00, 0x00, 0x3b, 0x70, 0x00, 0x00,
  0x16, 0x0e, 0xdd, 0xdd, 0x00, 0xe1, 0x00, 0x00, 0x0e, 0x10, 0x00, 0x00, 0xfe, 0xdd, 0x70, 0x0e,
  0x10, 0x00, 0x00, 0xe1, 0x00, 0x00, 0x0e, 0xdd, 0xdd, 0x20, 0x5b, 0x00, 0x5a, 0x00, 0x79, 0x00,
  0xa5, 0x05, 0xa0, 0x2d, 0x10, 0x02, 0xd1, 0x5a, 0x0a, 0x50, 0x00, 0x0e, 0xff, 0xff, 0xf0, 0x00,
  0x03, 0xd1, 0x5a, 0x0a, 0x80, 0x00, 0xd5, 0x05, 0xa0, 0x1e, 0x20, 0x7a, 0x00, 0x5a, 0x00, 0x6c,
  0x00, 0x00, 0x10, 0x00, 0x5d, 0xcd, 0xa0, 0x21, 0x00, 0xb6, 0x00, 0x01, 0xb4, 0x07, 0xce, 0xd1,
  0x00, 0x00, 0x7a, 0x40, 0x00, 0x7a, 0x8d, 0xcd, 0xb2, 0x00, 0x10, 0x00, 0x0e, 0x10, 0x03, 0xf2,
  0x0e, 0x10, 0x1d, 0xe2, 0x0e, 0x10, 0xa7, 0xd2, 0x0e, 0x17, 0xa0, 0xd2, 0x0e, 0x5d, 0x10, 0xd2,
  0x0e, 0xe3, 0x00, 0xd2, 0x0e, 0x60, 0x00, 0xd2, 0x00, 0x38, 0x2a, 0x00, 0x00, 0x05, 0x73, 0x00,
  0x0e, 0x10, 0x03, 0xf2, 0x0e, 0x10, 0x1d, 0xe2, 0x0e, 0x10, 0xa7, 0xd2, 0x0e, 0x17, 0xa0, 0xd2,
  0x0e, 0x5d, 0x10, 0xd2, 0x0e, 0xe3, 0x00, 0xd2, 0x0e, 0x60, 0x00, 0xd2, 0x0e, 0x10, 0x09, 0x70,
  0xe1, 0x05, 0xb0, 0x0e, 0x12, 0xc1, 0x00, 0xfe, 0xfa, 0x00, 0x0e, 0x12, 0xd2, 0x00, 0xe1, 0x04,
  0xc0, 0x0e, 0x10, 0x08, 0x90, 0x02, 0xfd, 0xde, 0xc0, 0x03, 0xb0, 0x03, 0xc0, 0x03, 0xa0, 0x03,
  0xc0, 0x04, 0x90, 0x03, 0xc0, 0x05, 0x80, 0x03, 0xc0, 0x0a, 0x50, 0x03, 0xc0, 0xbc, 0x00, 0x03,
  0xc0, 0x10, 0x00, 0x00, 0x00, 0x0d, 0x30, 0x00, 0x09, 0x80, 0x0e, 0xc0, 0x00, 0x3f, 0x80, 0x0e,
  0xa6, 0x00, 0xba, 0x80, 0x0e, 0x2d, 0x15, 0x96, 0x80, 0x0e, 0x16, 0x9c, 0x16, 0x80, 0x0e, 0x10,
  0xd7, 0x06, 0x80, 0x0e, 0x10, 0x10, 0x06, 0x80, 0x0e, 0x10, 0x00, 0xe1, 0x0e, 0x10, 0x00, 0xe1,
  0x0e, 0x10, 0x00, 0xe1, 0x0f, 0xed, 0xdd, 0xf1, 0x0e, 0x10, 0x00, 0xe1, 0x0e, 0x10, 0x00, 0xe1,
  0x0e, 0x10, 0x00, 0xe1, 0x00, 0x00, 0x10, 0x00, 0x01, 0xae, 0xdd, 0x40, 0x0c, 0x70, 0x03, 0xd4,
  0x5b, 0x00, 0x00, 0x5b, 0x78, 0x00, 0x00, 0x2d, 0x5b, 0x00, 0x00, 0x5c, 0x0c, 0x60, 0x03, 0xd4,
  0x01, 0xae, 0xdd, 0x40, 0x00, 0x00, 0x10, 0x00, 0x0e, 0xdd, 0xdd, 0xf2, 0x0e, 0x10, 0x00, 0xd2,
  0x0e, 0x10, 0x00, 0xd2, 0x0e, 0x10, 0x00, 0xd2, 0x0e, 0x10, 0x00, 0xd2, 0x0e, 0x10, 0x00, 0xd2,
  0x0e, 0x10, 0x00, 0xd2, 0x0f, 0xdd, 0xd9, 0x00, 0xe1, 0x00, 0xa7, 0x0e, 0x10, 0x05, 0xa0, 0xe1,
  0x02, 0xb7, 0x0f, 0xed, 0xc7, 0x00, 0xe1, 0x00, 0x00, 0x0e, 0x10, 0x00, 0x00, 0x00, 0x00, 0x10,
  0x00, 0x1a, 0xed, 0xd4, 0x0c, 0x70, 0x03, 0x56, 0xb0, 0x00, 0x00, 0x78, 0x00, 0x00, 0x06, 0xb0,
  0x00, 0x00, 0x0c, 0x70, 0x03, 0x50, 0x1a, 0xed, 0xc4, 0x00, 0x00, 0x10, 0x00, 0xbd, 0xee, 0xdc,
  0x00, 0x78, 0x00, 0x00, 0x78, 0x00, 0x00, 0x78, 0x00, 0x00, 0x78, 0x00, 0x00, 0x78, 0x00, 0x00,
  0x78, 0x00, 0x97, 0x00, 0x07, 0x81, 0xd1, 0x01, 0xd1, 0x08, 0x80, 0x77, 0x00, 0x1d, 0x2c, 0x10,
  0x00, 0x7f, 0x60, 0x00, 0x03, 0xf0, 0x00, 0x1c, 0xd3, 0x00, 0x00, 0x10, 0x00, 0x00, 0x00, 0x00,
  0x30, 0x00, 0x00, 0x04, 0x7f, 0x95, 0x00, 0x0a, 0xa5, 0xf6, 0x9d, 0x25, 0xa0, 0x0c, 0x10, 0x69,
  0x87, 0x00, 0xc1, 0x03, 0xc5, 0xa0, 0x0c, 0x10, 0x79, 0x0a, 0xb5, 0xf6, 0x9c, 0x20, 0x03, 0x7f,
  0x94, 0x00, 0x00, 0x00, 0x30, 0x00, 0x00, 0x5c, 0x00, 0x3d, 0x10, 0x99, 0x1d, 0x40, 0x01, 0xdc,
  0x80, 0x00, 0x07, 0xf2, 0x00, 0x02, 0xe9, 0xb0, 0x00, 0xb6, 0x0b, 0x70, 0x7a, 0x00, 0x2e, 0x30,
  0x0e, 0x10, 0x00, 0xf0, 0x00, 0xe1, 0x00, 0x0f, 0x00, 0x0e, 0x10, 0x00, 0xf0, 0x00, 0xe1, 0x00,
  0x0f, 0x00, 0x0e, 0x10, 0x00, 0xf0, 0x00, 0xe1, 0x00, 0x0f, 0x00, 0x0e, 0xdd, 0xdd, 0xfd, 0x10,
  0x00, 0x00, 0x00, 0xd1, 0x00, 0x00, 0x00, 0x08, 0x00, 0xa5, 0x00, 0x0e, 0x1a, 0x50, 0x00, 0xe1,
  0x96, 0x00, 0x0e, 0x14, 0xd5, 0x47, 0xf1, 0x04, 0x99, 0x6e, 0x10, 0x00, 0x00, 0xe1, 0x00, 0x00,
  0x0e, 0x10, 0x0e, 0x10, 0x0f, 0x00, 0x2d, 0x00, 0xe1, 0x00, 0xf0, 0x02, 0xd0, 0x0e, 0x10, 0x0f,
  0x00, 0x2d, 0x00, 0xe1, 0x00, 0xf0, 0x02, 0xd0, 0x0e, 0x10, 0x0f, 0x00, 0x2d, 0x00, 0xe1, 0x00,
  0xf0, 0x02, 0xd0, 0x0e, 0xdd, 0xdf, 0xdd, 0xed, 0x00, 0x0e, 0x10, 0x0f, 0x00, 0x2d, 0x00, 0xe1,
  0x00, 0xf0, 0x02, 0xd0, 0x0e, 0x10, 0x0f, 0x00, 0x2d, 0x00, 0xe1, 0x00, 0xf0, 0x02, 0xd0, 0x0e,
  0x10, 0x0f, 0x00, 0x2d, 0x00, 0xe1, 0x00, 0xf0, 0x02, 0xd0, 0x0e, 0xdd, 0xdf, 0xdd, 0xff, 0x60,
  0x00, 0x00, 0x00, 0x00, 0x68, 0x00, 0x00, 0x00, 0x00, 0x03, 0x40, 0xbd, 0xf4, 0x00, 0x00, 0x00,
  0xb4, 0x00, 0x00, 0x00, 0xba, 0x88, 0x50, 0x00, 0xb6, 0x44, 0xb8, 0x00, 0xb4, 0x00, 0x3d, 0x00,
  0xb4, 0x00, 0x6b, 0x00, 0xbd, 0xcc, 0xb2, 0x0e, 0x10, 0x00, 0x00, 0xe1, 0x0e, 0x10, 0x00, 0x00,
  0xe1, 0x0e, 0x98, 0x84, 0x00, 0xe1, 0x0e, 0x44, 0x5c, 0x60, 0xe1, 0x0e, 0x10, 0x05, 0xa0, 0xe1,
  0x0e, 0x10, 0x08, 0x80, 0xe1, 0x0e, 0xcc, 0xca, 0x10, 0xe1, 0x0e, 0x10, 0x00, 0x00, 0xe1, 0x00,
  0x00, 0x0e, 0x98, 0x84, 0x00, 0xe4, 0x45, 0xc6, 0x0e, 0x10, 0x05, 0xa0, 0xe1, 0x00, 0x88, 0x0e,
  0xcc, 0xca, 0x10, 0x00, 0x00, 0x00, 0x02, 0xbd, 0xeb, 0x20, 0x44, 0x00, 0x6d, 0x10, 0x00, 0x00,
  0xa6, 0x00, 0xbc, 0xcf, 0x80, 0x00, 0x00, 0xa6, 0x44, 0x00, 0x6d, 0x12, 0xbd, 0xeb, 0x20, 0x00,
  0x00, 0x00, 0x00, 0x00, 0x00, 0x00, 0x10, 0x00, 0x00, 0xe1, 0x03, 0xcd, 0xea, 0x10, 0x0e, 0x11,
  0xe4, 0x00, 0x7c, 0x00, 0xe1, 0x88, 0x00, 0x00, 0xc5, 0x0e, 0xef, 0x60, 0x00, 0x09, 0x60, 0xe1,
  0x88, 0x00, 0x00, 0xc5, 0x0e, 0x11, 0xe4, 0x00, 0x7c, 0x00, 0xe1, 0x03, 0xcd, 0xea, 0x10, 0x00,
  0x00, 0x00, 0x10, 0x00, 0x00, 0x06, 0xdd, 0xdf, 0x33, 0xd1, 0x00, 0xc3, 0x6a, 0x00, 0x0c, 0x33,
  0xd1, 0x00, 0xc3, 0x06, 0xfe, 0xdf, 0x30, 0x6a, 0x00, 0xc3, 0x2d, 0x10, 0x0c, 0x30, 0x01, 0x54,
  0x00, 0x2c, 0x8a, 0xb0, 0x00, 0x11, 0xe1, 0x2c, 0xaa, 0xf2, 0x68, 0x01, 0xf2, 0x2c, 0xbb, 0xe2,
  0x00, 0x00, 0x00, 0x00, 0x01, 0x46, 0x00, 0x2b, 0xc9, 0x50, 0x0c, 0x40, 0x00, 0x04, 0xb9, 0xdb,
  0x20, 0x5f, 0x40, 0x5d, 0x04, 0xc0, 0x00, 0xd2, 0x1d, 0x20, 0x2e, 0x10, 0x5d, 0xcc, 0x40, 0x00,
  0x01, 0x00, 0x00, 0x04, 0x44, 0x10, 0x1e, 0x77, 0xd3, 0x1d, 0x01, 0xb4, 0x1e, 0xac, 0xd2, 0x1d,
  0x00, 0x78, 0x1f, 0xbb, 0xc3, 0x04, 0x44, 0x41, 0xf8, 0x87, 0x1d, 0x00, 0x01, 0xd0, 0x00, 0x1d,
  0x00, 0x01, 0xd0, 0x00, 0x03, 0x44, 0x42, 0x00, 0xaa, 0x8b, 0x80, 0x0a, 0x30, 0x78, 0x00, 0xc2,
  0x07, 0x80, 0x1d, 0x00, 0x78, 0x0e, 0xfd, 0xdf, 0xf4, 0xe0, 0x00, 0x09, 0x53, 0x00, 0x00, 0x21,
  0x00, 0x45, 0x10, 0x1c, 0x99, 0xd2, 0x69, 0x00, 0x78, 0x8f, 0xaa, 0xb7, 0x5c, 0x10, 0x30, 0x07,
  0xdc, 0xb2, 0x00, 0x00, 0x00, 0x32, 0x01, 0x30, 0x04, 0x13, 0xc0, 0x4b, 0x05, 0xa0, 0x08, 0x74,
  0xb2, 0xd2, 0x00, 0x4f, 0xff, 0xff, 0x00, 0x0d, 0x44, 0xb0, 0xb5, 0x08, 0x90, 0x4b, 0x02, 0xd1,
  0x03, 0x53, 0x05, 0x97, 0xc7, 0x01, 0x17, 0x90, 0x49, 0xd5, 0x10, 0x03, 0xd6, 0xcc, 0xd5, 0x00,
  0x10, 0x00, 0x04, 0x00, 0x04, 0x01, 0xd0, 0x08, 0xf0, 0x1d, 0x06, 0xbe, 0x01, 0xd4, 0xc1, 0xe0,
  0x1e, 0xd2, 0x0e, 0x01, 0xf4, 0x00, 0xe0, 0x02, 0x20, 0x40, 0x00, 0x1a, 0xa6, 0x00, 0x04, 0x00,
  0x04, 0x01, 0xd0, 0x08, 0xf0, 0x1d, 0x06, 0xbe, 0x01, 0xd4, 0xc1, 0xe0, 0x1e, 0xd2, 0x0e, 0x01,
  0xf4, 0x00, 0xe0, 0x04, 0x00, 0x23, 0x1d, 0x01, 0xc3, 0x1e, 0x1a, 0x50, 0x1f, 0xdf, 0x10, 0x1d,
  0x06, 0xb0, 0x1d, 0x00, 0x98, 0x03, 0x44, 0x42, 0x0a, 0xa8, 0xc7, 0x0a, 0x30, 0x77, 0x0b, 0x20,
  0x77, 0x0d, 0x00, 0x77, 0xc8, 0x00, 0x77, 0x10, 0x00, 0x00, 0x04, 0x00, 0x00, 0x40, 0x1f, 0x60,
  0x05, 0xf0, 0x1d, 0xc1, 0x1c, 0xd0, 0x1c, 0x58, 0x85, 0xc1, 0x1c, 0x0c, 0xb0, 0xc1, 0x1c, 0x02,
  0x20, 0xc1, 0x04, 0x00, 0x04, 0x01, 0xd0, 0x01, 0xd0, 0x1d, 0x11, 0x2d, 0x01, 0xfc, 0xcc, 0xd0,
  0x1d, 0x00, 0x1d, 0x01, 0xd0, 0x01, 0xd0, 0x00, 0x45, 0x10, 0x1c, 0xa9, 0xd3, 0x6a, 0x00, 0x4c,
  0x87, 0x00, 0x1e, 0x5c, 0x10, 0x7a, 0x07, 0xdd, 0xb1, 0x00, 0x00, 0x00, 0x04, 0x44, 0x44, 0x01,
  0xf8, 0x89, 0xd0, 0x1d, 0x00, 0x2d, 0x01, 0xd0, 0x02, 0xd0, 0x1d, 0x00, 0x2d, 0x01, 0xd0, 0x02,
  0xd0, 0x04, 0x15, 0x30, 0x01, 0xfc, 0x8c, 0xa0, 0x1f, 0x20, 0x0c, 0x41, 0xf0, 0x00, 0xa5, 0x1f,
  0x50, 0x2d, 0x21, 0xeb, 0xdd, 0x60, 0x1d, 0x00, 0x00, 0x01, 0xc0, 0x00, 0x00, 0x00, 0x45, 0x10,
  0x1c, 0xa8, 0xd2, 0x6a, 0x00, 0x10, 0x87, 0x00, 0x00, 0x5c, 0x10, 0x51, 0x07, 0xdd, 0xa1, 0x00,
  0x00, 0x00, 0x44, 0x44, 0x48, 0x8f, 0x87, 0x00, 0xe0, 0x00, 0x0e, 0x00, 0x00, 0xe0, 0x00, 0x0e,
  0x00, 0x04, 0x00, 0x02, 0x20, 0xa5, 0x00, 0xa4, 0x03, 0xb0, 0x2c, 0x00, 0x0c, 0x38, 0x60, 0x00,
  0x5a, 0xd0, 0x00, 0x00, 0xf7, 0x00, 0x01, 0x1d, 0x10, 0x01, 0xcd, 0x50, 0x00, 0x00, 0x03, 0x30,
  0x00, 0x00, 0x07, 0x70, 0x00, 0x00, 0x2b, 0xc2, 0x00, 0x0a, 0xbf, 0xfb, 0xb0, 0x69, 0x07, 0x70,
  0x96, 0x86, 0x07, 0x70, 0x58, 0x4c, 0x17, 0x71, 0xb5, 0x06, 0xdf, 0xfd, 0x60, 0x00, 0x07, 0x80,
  0x00, 0x00, 0x06, 0x70, 0x00, 0x32, 0x00, 0x41, 0x3c, 0x16, 0xa0, 0x06, 0xcc, 0x10, 0x01, 0xf8,
  0x00, 0x0b, 0x6c, 0x30, 0x79, 0x02, 0xd1, 0x04, 0x00, 0x13, 0x01, 0xd0, 0x03, 0xb0, 0x1d, 0x00,
  0x3b, 0x01, 0xd0, 0x03, 0xb0, 0x1d, 0x00, 0x3b, 0x01, 0xfd, 0xdf, 0xf7, 0x00, 0x00, 0x05, 0x90,
  0x00, 0x00, 0x12, 0x32, 0x00, 0x41, 0x96, 0x00, 0xc2, 0x86, 0x00, 0xc2, 0x4d, 0x9a, 0xf2, 0x01,
  0x31, 0xc2, 0x00, 0x00, 0xc2, 0x04, 0x00, 0x31, 0x02, 0x21, 0xd0, 0x0c, 0x30, 0x77, 0x1d, 0x00,
  0xc3, 0x07, 0x71, 0xd0, 0x0c, 0x30, 0x77, 0x1d, 0x00, 0xc3, 0x07, 0x71, 0xfd, 0xdf, 0xed, 0xe7,
  0x04, 0x00, 0x31, 0x02, 0x20, 0x1d, 0x00, 0xc3, 0x07, 0x70, 0x1d, 0x00, 0xc3, 0x07, 0x70, 0x1d,
  0x00, 0xc3, 0x07, 0x70, 0x1d, 0x00, 0xc3, 0x07, 0x70, 0x1f, 0xdd, 0xfe, 0xdf, 0xf5, 0x00, 0x00,
  0x00, 0x00, 0x86, 0x00, 0x00, 0x00, 0x00, 0x11, 0x44, 0x30, 0x00, 0x08, 0xb9, 0x00, 0x00, 0x05,
  0xc8, 0x72, 0x00, 0x5b, 0x35, 0xd0, 0x05, 0x90, 0x0e, 0x10, 0x5e, 0xbc, 0x70, 0x04, 0x00, 0x00,
  0x41, 0x1d, 0x00, 0x00, 0xc2, 0x1e, 0x87, 0x30, 0xc2, 0x1e, 0x34, 0xd3, 0xc2, 0x1d, 0x00, 0xa5,
  0xc2, 0x1f, 0xbb, 0xa1, 0xc2, 0x00, 0x00, 0x00, 0x00, 0x04, 0x00, 0x00, 0x1d, 0x00, 0x00, 0x1e,
  0x87, 0x40, 0x1e, 0x34, 0xc4, 0x1d, 0x00, 0x96, 0x1f, 0xbb, 0xb1, 0x00, 0x00, 0x00, 0x03, 0x52,
  0x00, 0x7a, 0x7c, 0x80, 0x00, 0x11, 0xd2, 0x03, 0xaa, 0xf4, 0x20, 0x02, 0xd1, 0x5c, 0xcd, 0x40,
  0x00, 0x10, 0x00, 0x04, 0x00, 0x25, 0x30, 0x01, 0xd0, 0x5d, 0x8c, 0x90, 0x1e, 0x2f, 0x20, 0x0d,
  0x21, 0xfc, 0xf0, 0x00, 0xb4, 0x1d, 0x0c, 0x40, 0x2d, 0x11, 0xd0, 0x2c, 0xdd, 0x50, 0x00, 0x00,
  0x00, 0x00, 0x00, 0x01, 0x44, 0x41, 0x2d, 0x98, 0xd3, 0x68, 0x00, 0xa3, 0x3d, 0x76, 0xc3, 0x08,
  0xd5, 0xc3, 0x3c, 0x00, 0xa3, 0x01, 0x11, 0x10, 0x04, 0x55, 0x40, 0x00, 0x45, 0x10, 0x1c, 0x99,
  0xd2, 0x69, 0x00, 0x78, 0x8f, 0xaa, 0xb7, 0x5c, 0x10, 0x30, 0x07, 0xdc, 0xb2, 0x00, 0x00, 0x00,
};
static const screen_font_glyph_t montserrat_small_glyphs[] = {
  {0x0020, 3, 0, 0, 10, 3, 0},
  {0x0021, 3, 8, 0, 3, 3, 0},
  {0x0022, 4, 7, 0, 3, 4, 12},
  {0x0023, 7, 7, 0, 3, 7, 26},
  {0x0024, 6, 11, 0, 1, 6, 51},
  {0x0025, 9, 9, 0, 2, 8, 84},
  {0x0026, 7, 9, 0, 2, 7, 125},
  {0x0027, 2, 7, 0, 3, 2, 157},
  {0x0028, 4, 10, 0, 2, 3, 164},
  {0x0029, 3, 10, 0, 2, 3, 184},
  {0x002a, 4, 8, 0, 2, 4, 199},
  {0x002b, 6, 6, 0, 4, 6, 215},
  {0x002c, 2, 4, 0, 8, 2, 233},
  {0x002d, 4, 4, 0, 6, 4, 237},
  {0x002e, 2, 3, 0, 8, 2, 245},
  {0x002f, 5, 10, -1, 1, 4, 248},
  {0x0030, 7, 9, 0, 2, 7, 273},
  {0x0031, 4, 7, 0, 3, 4, 305},
  {0x0032, 6, 8, 0, 2, 6, 319},
  {0x0033, 6, 8, 0, 3, 6, 343},
  {0x0034, 7, 7, 0, 3, 7, 367},
  {0x0035, 6, 8, 0, 3, 6, 392},
  {0x0036, 6, 9, 0, 2, 6, 416},
  {0x0037, 6, 7, 0, 3, 6, 443},
  {0x0038, 6, 9, 0, 2, 6, 464},
  {0x0039, 6, 9, 0, 2, 6, 491},
  {0x003a, 2, 7, 0, 4, 2, 518},
  {0x003b, 2, 8, 0, 4, 2, 525},
  {0x003c, 6, 6, 0, 4, 6, 533},
  {0x003d, 6, 6, 0, 4, 6, 551},
  {0x003e, 6, 6, 0, 4, 6, 569},
  {0x003f, 6, 9, 0, 2, 6, 587},
  {0x0040, 10, 11, 0, 2, 10, 614},
  {0x0041, 9, 7, -1, 3, 7, 669},
  {0x0042, 8, 7, 0, 3, 8, 701},
  {0x0043, 7, 9, 0, 2, 7, 729},
  {0x0044, 8, 7, 0, 3, 8, 761},
  {0x0045, 7, 7, 0, 3, 7, 789},
  {0x0046, 6, 7, 0, 3, 6, 814},
  {0x0047, 8, 9, 0, 2, 8, 835},
  {0x0048, 8, 7, 0, 3, 8, 871},
  {0x0049, 3, 7, 0, 3, 3, 899},
  {0x004a, 6, 8, -1, 3, 5, 910},
  {0x004b, 8, 7, 0, 3, 7, 934},
  {0x004c, 6, 7, 0, 3, 6, 962},
  {0x004d, 10, 7, 0, 3, 10, 983},
  {0x004e, 8, 7, 0, 3, 8, 1018},
  {0x004f, 8, 9, 0, 2, 8, 1046},
  {0x0050, 7, 7, 0, 3, 7, 1082},
  {0x0051, 9, 10, 0, 2, 8, 1107},
  {0x0052, 7, 7, 0, 3, 7, 1152},
  {0x0053, 6, 9, 0, 2, 6, 1177},
  {0x0054, 6, 7, 0, 3, 6, 1204},
  {0x0055, 8, 8, 0, 3, 8, 1225},
  {0x0056, 9, 7, -1, 3, 7, 1257},
  {0x0057, 11, 7, 0, 3, 11, 1289},
  {0x0058, 7, 7, 0, 3, 7, 1328},
  {0x0059, 8, 7, -1, 3, 6, 1353},
  {0x005a, 7, 7, 0, 3, 7, 1381},
  {0x005b, 4, 10, 0, 2, 3, 1406},
  {0x005c, 5, 10, -1, 1, 4, 1426},
  {0x005d, 3, 10, 0, 2, 3, 1451},
  {0x005e, 6, 6, 0, 4, 6, 1466},
  {0x005f, 5, 1, 0, 10, 5, 1484},
  {0x0060, 6, 8, 0, 2, 6, 1487},
  {0x0061, 6, 7, 0, 4, 6, 1511},
  {0x0062, 7, 9, 0, 2, 7, 1532},
  {0x0063, 6, 7, 0, 4, 6, 1564},
  {0x0064, 7, 9, 0, 2, 7, 1585},
  {0x0065, 6, 7, 0, 4, 6, 1617},
  {0x0066, 4, 8, 0, 2, 4, 1638},
  {0x0067, 7, 8, 0, 4, 7, 1654},
  {0x0068, 7, 8, 0, 2, 7, 1682},
  {0x0069, 3, 8, 0, 2, 3, 1710},
  {0x006a, 4, 10, -1, 2, 3, 1722},
  {0x006b, 7, 8, 0, 2, 6, 1742},
  {0x006c, 3, 8, 0, 2, 3, 1770},
  {0x006d, 11, 6, 0, 4, 11, 1782},
  {0x006e, 7, 6, 0, 4, 7, 1815},
  {0x006f, 6, 7, 0, 4, 6, 1836},
  {0x0070, 7, 8, 0, 4, 7, 1857},
  {0x0071, 7, 8, 0, 4, 7, 1885},
  {0x0072, 4, 6, 0, 4, 4, 1913},
  {0x0073, 5, 7, 0, 4, 5, 1925},
  {0x0074, 4, 8, 0, 3, 4, 1943},
  {0x0075, 7, 7, 0, 4, 7, 1959},
  {0x0076, 7, 6, -1, 4, 6, 1984},
  {0x0077, 9, 6, 0, 4, 9, 2005},
  {0x0078, 6, 6, 0, 4, 6, 2032},
  {0x0079, 7, 8, -1, 4, 6, 2050},
  {0x007a, 5, 6, 0, 4, 5, 2078},
  {0x007b, 4, 10, 0, 2, 4, 2093},
  {0x007c, 3, 10, 0, 2, 3, 2113},
  {0x007d, 4, 10, 0, 2, 4, 2128},
  {0x007e, 6, 5, 0, 5, 6, 2148},
  {0x0401, 7, 10, 0, 0, 7, 2163},
  {0x0410, 9, 7, -1, 3, 8, 2198},
  {0x0411, 7, 7, 0, 3, 7, 2230},
  {0x0412, 7, 7, 0, 3, 7, 2255},
  {0x0413, 6, 7, 0, 3, 6, 2280},
  {0x0414, 8, 9, 0, 3, 8, 2301},
  {0x0415, 7, 7, 0, 3, 7, 2337},
  {0x0416, 11, 7, 0, 3, 10, 2362},
  {0x0417, 6, 9, 0, 2, 6, 2401},
  {0x0418, 8, 7, 0, 3, 8, 2428},
  {0x0419, 8, 9, 0, 1, 8, 2456},
  {0x041a, 7, 7, 0, 3, 7, 2492},
  {0x041b, 8, 8, 0, 3, 8, 2517},
  {0x041c, 10, 7, 0, 3, 10, 2549},
  {0x041d, 8, 7, 0, 3, 8, 2584},
  {0x041e, 8, 9, 0, 2, 8, 2612},
  {0x041f, 8, 7, 0, 3, 8, 2648},
  {0x0420, 7, 7, 0, 3, 7, 2676},
  {0x0421, 7, 9, 0, 2, 7, 2701},
  {0x0422, 6, 7, 0, 3, 6, 2733},
  {0x0423, 7, 8, 0, 3, 7, 2754},
  {0x0424, 9, 9, 0, 2, 9, 2782},
  {0x0425, 7, 7, 0, 3, 7, 2823},
  {0x0426, 9, 9, 0, 3, 8, 2848},
  {0x0427, 7, 7, 0, 3, 7, 2889},
  {0x0428, 11, 7, 0, 3, 11, 2914},
  {0x0429, 11, 9, 0, 3, 11, 2953},
  {0x042a, 8, 7, 0, 3, 8, 3003},
  {0x042b, 10, 7, 0, 3, 10, 3031},
  {0x042c, 7, 7, 0, 3, 7, 3066},
  {0x042d, 7, 9, 0, 2, 7, 3091},
  {0x042e, 11, 9, 0, 2, 11, 3123},
  {0x042f, 7, 7, 0, 3, 7, 3173},
  {0x0430, 6, 7, 0, 4, 6, 3198},
  {0x0431, 7, 9, 0, 2, 7, 3219},
  {0x0432, 6, 6, 0, 4, 6, 3251},
  {0x0433, 5, 6, 0, 4, 5, 3269},
  {0x0434, 7, 8, 0, 4, 7, 3284},
  {0x0435, 6, 7, 0, 4, 6, 3312},
  {0x0436, 9, 6, 0, 4, 8, 3333},
  {0x0437, 5, 7, 0, 4, 5, 3360},
  {0x0438, 7, 6, 0, 4, 7, 3378},
  {0x0439, 7, 8, 0, 2, 7, 3399},
  {0x043a, 6, 6, 0, 4, 6, 3427},
  {0x043b, 6, 7, 0, 4, 6, 3445},
  {0x043c, 8, 6, 0, 4, 8, 3466},
  {0x043d, 7, 6, 0, 4, 7, 3490},
  {0x043e, 6, 7, 0, 4, 6, 3511},
  {0x043f, 7, 6, 0, 4, 7, 3532},
  {0x0440, 7, 8, 0, 4, 7, 3553},
  {0x0441, 6, 7, 0, 4, 6, 3581},
  {0x0442, 5, 6, 0, 4, 5, 3602},
  {0x0443, 7, 8, -1, 4, 6, 3617},
  {0x0444, 8, 10, 0, 2, 8, 3645},
  {0x0445, 6, 6, 0, 4, 5, 3685},
  {0x0446, 7, 8, 0, 4, 7, 3703},
  {0x0447, 6, 6, 0, 4, 6, 3731},
  {0x0448, 9, 6, 0, 4, 9, 3749},
  {0x0449, 10, 8, 0, 4, 9, 3776},
  {0x044a, 7, 6, 0, 4, 6, 3816},
  {0x044b, 8, 7, 0, 4, 8, 3837},
  {0x044c, 6, 7, 0, 4, 6, 3865},
  {0x044d, 6, 7, 0, 4, 6, 3886},
  {0x044e, 9, 7, 0, 4, 9, 3907},
  {0x044f, 6, 6, 0, 4, 6, 3939},
  {0x0451, 6, 9, 0, 2, 6, 3957},
};
static const screen_font_data_t montserrat_small = {montserrat_small_glyphs, montserrat_small_bitmap, 161};
static const uint8_t montserrat_hint_bitmap[] = {
  0x1b, 0x11, 0xf1, 0x1f, 0x00, 0xf0, 0x0e, 0x00, 0x70, 0x04, 0x02, 0xe1, 0x00, 0x00, 0x36, 0x36,
  0x49, 0x49, 0x48, 0x48, 0x12, 0x12, 0x00, 0x00, 0x00, 0x00, 0x00, 0x00, 0x00, 0x00, 0x00, 0x53,
  0x07, 0x10, 0x00, 0x92, 0x0b, 0x00, 0x4b, 0xfb, 0xbf, 0xb5, 0x01, 0xd1, 0x2d, 0x10, 0x00, 0xc0,
  0x2a, 0x00, 0x8d, 0xfc, 0xff, 0xc1, 0x04, 0x80, 0x66, 0x00, 0x05, 0x60, 0x84, 0x00, 0x00, 0x00,
  0x00, 0x00, 0x00, 0xb0, 0x00, 0x03, 0xaf, 0xa5, 0x02, 0xe6, 0xd4, 0x80, 0x5c, 0x0b, 0x00, 0x01,
  0xda, 0xf1, 0x00, 0x01, 0x6f, 0xe9, 0x00, 0x00, 0xb1, 0xd4, 0x35, 0x0b, 0x1d, 0x43, 0xbe, 0xfe,
  0x70, 0x00, 0x0c, 0x00, 0x00, 0x00, 0x30, 0x00, 0x08, 0xa3, 0x00, 0x45, 0x06, 0x51, 0xa0, 0x1b,
  0x00, 0x82, 0x0a, 0x0a, 0x30, 0x04, 0x95, 0x95, 0x81, 0x10, 0x04, 0x62, 0xb3, 0xaa, 0x50, 0x00,
  0xa3, 0x91, 0x0a, 0x00, 0x67, 0x09, 0x10, 0xa0, 0x2b, 0x00, 0x3b, 0xa4, 0x00, 0x00, 0x00, 0x00,
  0x00, 0x00, 0x8b, 0x80, 0x00, 0x07, 0x91, 0x95, 0x00, 0x07, 0x91, 0xc3, 0x00, 0x01, 0xff, 0x60,
  0x00, 0x0a, 0xad, 0x70, 0x70, 0x5a, 0x01, 0xca, 0xb0, 0x6b, 0x00, 0x3f, 0xa0, 0x1a, 0xdd, 0xd5,
  0xc2, 0x00, 0x01, 0x00, 0x00, 0x36, 0x49, 0x48, 0x12, 0x00, 0x00, 0x00, 0x00, 0x00, 0x21, 0x01,
  0xd1, 0x06, 0x90, 0x0a, 0x50, 0x0d, 0x30, 0x0e, 0x20, 0x0e, 0x20, 0x0d, 0x30, 0x0a, 0x50, 0x06,
  0x90, 0x01, 0xd1, 0x00, 0x11, 0x11, 0x00, 0x5b, 0x00, 0x0e, 0x20, 0x0a, 0x60, 0x07, 0x90, 0x06,
  0xa0, 0x06, 0xa0, 0x07, 0x80, 0x0a, 0x60, 0x0e, 0x20, 0x5a, 0x00, 0x11, 0x00, 0x00, 0x10, 0x03,
  0x28, 0x30, 0x4c, 0xe8, 0x06, 0xbc, 0xa1, 0x12, 0x71, 0x00, 0x00, 0x00, 0x00, 0x00, 0x00, 0x00,
  0x00, 0x00, 0x00, 0x00, 0x00, 0x12, 0x00, 0x00, 0x4a, 0x00, 0x14, 0x8e, 0x43, 0x29, 0xdf, 0x96,
  0x00, 0x4a, 0x00, 0x00, 0x25, 0x00, 0x00, 0x00, 0x00, 0x14, 0x05, 0xf0, 0x2a, 0x03, 0x40, 0x37,
  0x74, 0x27, 0x74, 0x00, 0x00, 0x00, 0x00, 0x14, 0x05, 0xd0, 0x00, 0x00, 0x00, 0x00, 0x31, 0x00,
  0x00, 0xd1, 0x00, 0x04, 0xa0, 0x00, 0x0a, 0x50, 0x00, 0x1d, 0x00, 0x00, 0x59, 0x00, 0x00, 0xa4,
  0x00, 0x01, 0xd0, 0x00, 0x06, 0x80, 0x00, 0x0b, 0x30, 0x00, 0x1d, 0x00, 0x00, 0x01, 0x00, 0x00,
  0x01, 0x8b, 0x92, 0x00, 0xba, 0x37, 0xe2, 0x3d, 0x00, 0x09, 0x86, 0xa0, 0x00, 0x5b, 0x7a, 0x00,
  0x05, 0xc4, 0xc0, 0x00, 0x7a, 0x0d, 0x60, 0x2e, 0x40, 0x3c, 0xee, 0x60, 0x00, 0x01, 0x00, 0x00,
  0xab, 0xa0, 0x36, 0xe0, 0x03, 0xe0, 0x03, 0xe0, 0x03, 0xe0, 0x03, 0xe0, 0x03, 0xe0, 0x03, 0xe0,
  0x18, 0xbb, 0x60, 0x89, 0x44, 0xd6, 0x00, 0x00, 0x89, 0x00, 0x01, 0xd4, 0x00, 0x0b, 0x90, 0x01,
  0xb9, 0x00, 0x1b, 0x80, 0x00, 0x8f, 0xee, 0xed, 0x6b, 0xbb, 0xb5, 0x24, 0x46, 0xf3, 0x00, 0x1d,
  0x50, 0x00, 0xad, 0x30, 0x00, 0x58, 0xe5, 0x00, 0x00, 0x6b, 0x63, 0x00, 0x99, 0x6d, 0xee, 0xb1,
  0x00, 0x11, 0x00, 0x00, 0x00, 0x93, 0x00, 0x00, 0x09, 0x90, 0x00, 0x00, 0x6c, 0x00, 0x00, 0x03,
  0xd2, 0x26, 0x00, 0x1d, 0x40, 0x4c, 0x00, 0x8f, 0xdd, 0xff, 0xd3, 0x12, 0x22, 0x6d, 0x20, 0x00,
  0x00, 0x4c, 0x00, 0x09, 0xbb, 0xb5, 0x0f, 0x54, 0x42, 0x1e, 0x00, 0x00, 0x3f, 0xa9, 0x50, 0x15,
  0x56, 0xd8, 0x00, 0x00, 0x4e, 0x54, 0x00, 0x8b, 0x5c, 0xee, 0xc2, 0x00, 0x01, 0x00, 0x00, 0x6a,
  0xb8, 0x00, 0x9b, 0x43, 0x50, 0x3e, 0x10, 0x00, 0x06, 0xb5, 0x99, 0x30, 0x7f, 0xa4, 0x6e, 0x25,
  0xf0, 0x00, 0xa7, 0x1e, 0x40, 0x1d, 0x50, 0x4d, 0xde, 0x80, 0x00, 0x01, 0x00, 0x00, 0x7b, 0xbb,
  0xbb, 0x1a, 0xa4, 0x47, 0xf0, 0x64, 0x00, 0xa7, 0x00, 0x00, 0x2e, 0x10, 0x00, 0x09, 0x90, 0x00,
  0x01, 0xe2, 0x00, 0x00, 0x7b, 0x00, 0x00, 0x0d, 0x40, 0x00, 0x03, 0x9b, 0x94, 0x01, 0xe6, 0x25,
  0xe2, 0x3e, 0x00, 0x0c, 0x40, 0xbd, 0xbd, 0xc0, 0x1c, 0xba, 0xbd, 0x27, 0xa0, 0x00, 0x98, 0x6d,
  0x10, 0x1c, 0x70, 0x8e, 0xde, 0x90, 0x00, 0x01, 0x00, 0x00, 0x05, 0xbb, 0x70, 0x05, 0xd4, 0x3a,
  0x90, 0xa7, 0x00, 0x3f, 0x18, 0xb1, 0x08, 0xf3, 0x09, 0xed, 0x8d, 0x30, 0x00, 0x01, 0xf1, 0x01,
  0x01, 0xa9, 0x02, 0xed, 0xe9, 0x10, 0x00, 0x10, 0x00, 0x00, 0x14, 0x05, 0xd0, 0x00, 0x00, 0x00,
  0x14, 0x05, 0xd0, 0x00, 0x00, 0x14, 0x05, 0xd0, 0x00, 0x00, 0x00, 0x14, 0x05, 0xf0, 0x2a, 0x03,
  0x40, 0x00, 0x00, 0x01, 0x00, 0x16, 0xc8, 0x1a, 0xc7, 0x10, 0x3f, 0x83, 0x00, 0x00, 0x5b, 0xc5,
  0x00, 0x00, 0x24, 0x00, 0x00, 0x00, 0x29, 0x99, 0x96, 0x14, 0x44, 0x43, 0x00, 0x00, 0x00, 0x3d,
  0xdd, 0xd9, 0x00, 0x00, 0x00, 0x00, 0x00, 0x00, 0x10, 0x00, 0x00, 0x3d, 0x93, 0x00, 0x00, 0x5a,
  0xb5, 0x00, 0x16, 0xd9, 0x2a, 0xc7, 0x10, 0x24, 0x00, 0x00, 0x00, 0x00, 0x00, 0x18, 0xba, 0x60,
  0x99, 0x34, 0xd6, 0x00, 0x00, 0x97, 0x00, 0x04, 0xd2, 0x00, 0x2e, 0x30, 0x00, 0x46, 0x00, 0x00,
  0x22, 0x00, 0x00, 0x8a, 0x00, 0x00, 0x00, 0x00, 0x00, 0x05, 0xab, 0xb7, 0x20, 0x00, 0x1b, 0x82,
  0x00, 0x4b, 0x50, 0x0b, 0x50, 0x68, 0x54, 0x4b, 0x23, 0xa0, 0xab, 0x58, 0xf7, 0x39, 0x66, 0x2e,
  0x00, 0x0f, 0x70, 0xb7, 0x53, 0xd0, 0x00, 0xf7, 0x0b, 0x58, 0x0d, 0x40, 0x1f, 0x72, 0x91, 0xd1,
  0x3d, 0xdc, 0x6e, 0xc2, 0x05, 0xb2, 0x00, 0x00, 0x00, 0x00, 0x04, 0xba, 0x89, 0xb0, 0x00, 0x00,
  0x00, 0x13, 0x20, 0x00, 0x00, 0x00, 0x00, 0x78, 0x00, 0x00, 0x00, 0x01, 0xee, 0x20, 0x00, 0x00,
  0x08, 0x88, 0x80, 0x00, 0x00, 0x1e, 0x21, 0xe1, 0x00, 0x00, 0x6a, 0x00, 0x97, 0x00, 0x00, 0xff,
  0xcc, 0xff, 0x00, 0x05, 0xc1, 0x11, 0x1c, 0x60, 0x0c, 0x50, 0x00, 0x05, 0xc0, 0x09, 0xbb, 0xa9,
  0x30, 0x0d, 0x63, 0x36, 0xe2, 0x0d, 0x40, 0x00, 0xc5, 0x0d, 0x85, 0x59, 0xc1, 0x0d, 0xb8, 0x8b,
  0xd3, 0x0d, 0x40, 0x00, 0x6a, 0x0d, 0x40, 0x00, 0x99, 0x0d, 0xed, 0xdd, 0xa1, 0x00, 0x39, 0xba,
  0x50, 0x06, 0xe7, 0x45, 0xd4, 0x2e, 0x30, 0x00, 0x00, 0x6b, 0x00, 0x00, 0x00, 0x7a, 0x00, 0x00,
  0x00, 0x3e, 0x10, 0x00, 0x00, 0x0a, 0xb2, 0x01, 0x83, 0x00, 0x7e, 0xee, 0xa1, 0x00, 0x00, 0x10,
  0x00, 0x09, 0xbb, 0xa8, 0x30, 0x00, 0xd7, 0x44, 0x7e, 0x70, 0x0d, 0x40, 0x00, 0x2e, 0x30, 0xd4,
  0x00, 0x00, 0xa7, 0x0d, 0x40, 0x00, 0x09, 0x80, 0xd4, 0x00, 0x00, 0xd5, 0x0d, 0x40, 0x02, 0xab,
  0x00, 0xdf, 0xee, 0xd8, 0x10, 0x09, 0xbb, 0xbb, 0x60, 0xd7, 0x44, 0x42, 0x0d, 0x40, 0x00, 0x00,
  0xd9, 0x66, 0x61, 0x0d, 0xb8, 0x88, 0x10, 0xd4, 0x00, 0x00, 0x0d, 0x40, 0x00, 0x00, 0xdf, 0xee,
  0xeb, 0x09, 0xbb, 0xbb, 0x60, 0xd7, 0x44, 0x42, 0x0d, 0x40, 0x00, 0x00, 0xd5, 0x11, 0x10, 0x0d,
  0xfd, 0xdd, 0x10, 0xd4, 0x00, 0x00, 0x0d, 0x40, 0x00, 0x00, 0xd4, 0x00, 0x00, 0x00, 0x39, 0xba,
  0x60, 0x06, 0xe7, 0x45, 0xc5, 0x2e, 0x30, 0x00, 0x00, 0x6b, 0x00, 0x00, 0x00, 0x7a, 0x00, 0x00,
  0x77, 0x3e, 0x10, 0x00, 0x88, 0x0a, 0xb2, 0x01, 0xfa, 0x00, 0x7e, 0xee, 0xa3, 0x00, 0x00, 0x10,
  0x00, 0x09, 0x30, 0x00, 0x38, 0x00, 0xd4, 0x00, 0x05, 0xc0, 0x0d, 0x40, 0x00, 0x5c, 0x00, 0xd9,
  0x66, 0x69, 0xc0, 0x0d, 0xb8, 0x88, 0xbc, 0x00, 0xd4, 0x00, 0x05, 0xc0, 0x0d, 0x40, 0x00, 0x5c,
  0x00, 0xd4, 0x00, 0x05, 0xc0, 0x09, 0x30, 0xd4, 0x0d, 0x40, 0xd4, 0x0d, 0x40, 0xd4, 0x0d, 0x40,
  0xd4, 0x03, 0xbb, 0xb6, 0x00, 0x14, 0x4a, 0x80, 0x00, 0x00, 0x88, 0x00, 0x00, 0x08, 0x80, 0x00,
  0x00, 0x88, 0x00, 0x00, 0x08, 0x80, 0x07, 0x10, 0xb6, 0x00, 0x7e, 0xeb, 0x00, 0x00, 0x01, 0x00,
  0x00, 0x09, 0x30, 0x00, 0x94, 0x0d, 0x40, 0x0b, 0x80, 0x0d, 0x40, 0xa9, 0x00, 0x0d, 0x4a, 0xc0,
  0x00, 0x0d, 0xdf, 0xe2, 0x00, 0x0d, 0xd0, 0x8c, 0x10, 0x0d, 0x40, 0x0a, 0xa0, 0x0d, 0x40, 0x01,
  0xc7, 0x09, 0x30, 0x00, 0x00, 0xd4, 0x00, 0x00, 0x0d, 0x40, 0x00, 0x00, 0xd4, 0x00, 0x00, 0x0d,
  0x40, 0x00, 0x00, 0xd4, 0x00, 0x00, 0x0d, 0x40, 0x00, 0x00, 0xdf, 0xee, 0xe6, 0x09, 0x30, 0x00,
  0x00, 0x84, 0x00, 0xdc, 0x00, 0x00, 0x4f, 0x50, 0x0d, 0xe6, 0x00, 0x0c, 0xe5, 0x00, 0xd6, 0xd1,
  0x07, 0x9b, 0x50, 0x0d, 0x38, 0x81, 0xd1, 0xb5, 0x00, 0xd3, 0x1d, 0xc6, 0x0b, 0x50, 0x0d, 0x30,
  0x5d, 0x00, 0xb5, 0x00, 0xd3, 0x00, 0x00, 0x0b, 0x50, 0x09, 0x40, 0x00, 0x38, 0x00, 0xdf, 0x20,
  0x05, 0xc0, 0x0d, 0xcc, 0x00, 0x5c, 0x00, 0xd4, 0xb9, 0x05, 0xc0, 0x0d, 0x41, 0xd7, 0x5c, 0x00,
  0xd4, 0x03, 0xe8, 0xc0, 0x0d, 0x40, 0x05, 0xfc, 0x00, 0xd4, 0x00, 0x08, 0xc0, 0x00, 0x39, 0xba,
  0x50, 0x00, 0x6e, 0x74, 0x6d, 0xa0, 0x2e, 0x30, 0x00, 0x1d, 0x56, 0xb0, 0x00, 0x00, 0x8a, 0x7a,
  0x00, 0x00, 0x07, 0xa3, 0xe1, 0x00, 0x00, 0xb7, 0x0a, 0xb2, 0x01, 0x9d, 0x10, 0x07, 0xee, 0xf9,
  0x10, 0x00, 0x00, 0x10, 0x00, 0x00, 0x09, 0xbb, 0xa7, 0x10, 0x0d, 0x84, 0x49, 0xd1, 0x0d, 0x40,
  0x00, 0xd5, 0x0d, 0x40, 0x00, 0xd4, 0x0d, 0x84, 0x5a, 0xd0, 0x0d, 0xda, 0xa7, 0x10, 0x0d, 0x40,
  0x00, 0x00, 0x0d, 0x40, 0x00, 0x00, 0x00, 0x39, 0xba, 0x50, 0x00, 0x06, 0xe7, 0x45, 0xda, 0x00,
  0x2e, 0x30, 0x00, 0x1d, 0x50, 0x6b, 0x00, 0x00, 0x08, 0xa0, 0x7a, 0x00, 0x00, 0x07, 0xa0, 0x3e,
  0x10, 0x00, 0x0b, 0x70, 0x0a, 0xb2, 0x01, 0x9d, 0x10, 0x00, 0x7e, 0xff, 0x91, 0x00, 0x00, 0x00,
  0x5e, 0x75, 0xa0, 0x00, 0x00, 0x02, 0x88, 0x30, 0x09, 0xbb, 0xa7, 0x10, 0x0d, 0x84, 0x49, 0xd1,
  0x0d, 0x40, 0x00, 0xd4, 0x0d, 0x40, 0x00, 0xd4, 0x0d, 0x84, 0x5a, 0xd0, 0x0d, 0xda, 0xef, 0x10,
  0x0d, 0x40, 0x0b, 0x70, 0x0d, 0x40, 0x02, 0xe3, 0x03, 0xab, 0xa5, 0x02, 0xe6, 0x34, 0x80, 0x5c,
  0x00, 0x00, 0x01, 0xda, 0x51, 0x00, 0x01, 0x6a, 0xe9, 0x00, 0x00, 0x01, 0xd4, 0x35, 0x00, 0x1d,
  0x43, 0xbe, 0xde, 0x70, 0x00, 0x01, 0x00, 0x00, 0xab, 0xbb, 0xbb, 0x44, 0x47, 0xd4, 0x42, 0x00,
  0x5c, 0x00, 0x00, 0x05, 0xc0, 0x00, 0x00, 0x5c, 0x00, 0x00, 0x05, 0xc0, 0x00, 0x00, 0x5c, 0x00,
  0x00, 0x05, 0xc0, 0x00, 0x0a, 0x20, 0x00, 0x56, 0x00, 0xe3, 0x00, 0x07, 0x90, 0x0e, 0x30, 0x00,
  0x79, 0x00, 0xe3, 0x00, 0x07, 0x90, 0x0e, 0x30, 0x00, 0x79, 0x00, 0xc5, 0x00, 0x09, 0x70, 0x07,
  0xc1, 0x03, 0xe3, 0x00, 0x08, 0xee, 0xd5, 0x00, 0x00, 0x00, 0x10, 0x00, 0x00, 0x09, 0x40, 0x00,
  0x04, 0x70, 0x7b, 0x00, 0x00, 0xc5, 0x01, 0xe2, 0x00, 0x3d, 0x00, 0x09, 0x90, 0x0a, 0x70, 0x00,
  0x3e, 0x12, 0xe1, 0x00, 0x00, 0xb7, 0x88, 0x00, 0x00, 0x04, 0xee, 0x20, 0x00, 0x00, 0x0e, 0xb0,
  0x00, 0x66, 0x00, 0x04, 0x90, 0x00, 0x1a, 0x04, 0xd0, 0x00, 0xaf, 0x20, 0x06, 0x90, 0x0d, 0x30,
  0x1e, 0x97, 0x00, 0xb4, 0x00, 0x98, 0x06, 0xa3, 0xc0, 0x1e, 0x00, 0x04, 0xd0, 0xb4, 0x0d, 0x26,
  0x90, 0x00, 0x0d, 0x4e, 0x00, 0x87, 0xc4, 0x00, 0x00, 0x9e, 0x90, 0x03, 0xee, 0x00, 0x00, 0x03,
  0xf4, 0x00, 0x0f, 0xa0, 0x00, 0x59, 0x00, 0x04, 0x80, 0x0c, 0x70, 0x1d, 0x30, 0x02, 0xe3, 0xb7,
  0x00, 0x00, 0x6f, 0xc0, 0x00, 0x00, 0x4f, 0xb0, 0x00, 0x02, 0xe4, 0xc7, 0x00, 0x0b, 0x70, 0x2e,
  0x30, 0x7b, 0x00, 0x05, 0xd1, 0x09, 0x40, 0x00, 0x2a, 0x00, 0x5d, 0x00, 0x0a, 0x60, 0x00, 0xa7,
  0x04, 0xc0, 0x00, 0x02, 0xe2, 0xd3, 0x00, 0x00, 0x07, 0xf9, 0x00, 0x00, 0x00, 0x0f, 0x20, 0x00,
  0x00, 0x00, 0xf2, 0x00, 0x00, 0x00, 0x0f, 0x20, 0x00, 0x5b, 0xbb, 0xbb, 0x82, 0x44, 0x45, 0xf6,
  0x00, 0x00, 0xa9, 0x00, 0x00, 0x8c, 0x00, 0x00, 0x5d, 0x10, 0x00, 0x3e, 0x30, 0x00, 0x1d, 0x60,
  0x00, 0x08, 0xfe, 0xee, 0xed, 0x02, 0x21, 0x0d, 0xc5, 0x0d, 0x30, 0x0d, 0x30, 0x0d, 0x30, 0x0d,
  0x30, 0x0d, 0x30, 0x0d, 0x30, 0x0d, 0x30, 0x0d, 0x30, 0x0d, 0xc5, 0x02, 0x21, 0x12, 0x00, 0x00,
  0x2c, 0x00, 0x00, 0x0c, 0x20, 0x00, 0x07, 0x80, 0x00, 0x01, 0xd0, 0x00, 0x00, 0xb3, 0x00, 0x00,
  0x68, 0x00, 0x00, 0x1d, 0x00, 0x00, 0x0a, 0x40, 0x00, 0x05, 0x90, 0x00, 0x01, 0xd0, 0x00, 0x00,
  0x10, 0x22, 0x10, 0x8d, 0x80, 0x08, 0x80, 0x08, 0x80, 0x08, 0x80, 0x08, 0x80, 0x08, 0x80, 0x08,
  0x80, 0x08, 0x80, 0x08, 0x80, 0x9d, 0x80, 0x22, 0x10, 0x00, 0x11, 0x00, 0x00, 0x7f, 0x00, 0x00,
  0xc7, 0x50, 0x05, 0x71, 0xb0, 0x0b, 0x10, 0xa3, 0x05, 0x00, 0x23, 0x00, 0x00, 0x00, 0xaa, 0xaa,
  0xa5, 0x01, 0x10, 0x00, 0x00, 0x2c, 0x40, 0x00, 0x00, 0x04, 0x00, 0x00, 0x00, 0x00, 0x00, 0x00,
  0x00, 0x00, 0x00, 0x00, 0x00, 0x00, 0x00, 0x00, 0x00, 0x00, 0x00, 0x00, 0x00, 0x00, 0x00, 0x00,
  0x00, 0x18, 0xcd, 0x80, 0x01, 0x72, 0x2c, 0x60, 0x02, 0x55, 0xb9, 0x03, 0xd7, 0x6b, 0x90, 0x6a,
  0x00, 0xb9, 0x01, 0xbc, 0xcb, 0x90, 0x00, 0x00, 0x00, 0x00, 0x02, 0x00, 0x00, 0x00, 0x0f, 0x10,
  0x00, 0x00, 0x0f, 0x10, 0x00, 0x00, 0x0f, 0x6c, 0xd8, 0x00, 0x0f, 0xc2, 0x2b, 0x90, 0x0f, 0x30,
  0x02, 0xe0, 0x0f, 0x20, 0x01, 0xf0, 0x0f, 0xa0, 0x09, 0xa0, 0x0f, 0x8e, 0xeb, 0x10, 0x00, 0x00,
  0x00, 0x00, 0x03, 0xbd, 0xb3, 0x2e, 0x61, 0x68, 0x7a, 0x00, 0x00, 0x79, 0x00, 0x00, 0x3e, 0x30,
  0x36, 0x05, 0xde, 0xd5, 0x00, 0x01, 0x00, 0x00, 0x00, 0x01, 0x10, 0x00, 0x00, 0x08, 0x80, 0x00,
  0x00, 0x08, 0x80, 0x03, 0xbd, 0x9a, 0x80, 0x2e, 0x51, 0x6f, 0x80, 0x7a, 0x00, 0x0f, 0x80, 0x79,
  0x00, 0x0f, 0x80, 0x3e, 0x30, 0x3f, 0x80, 0x06, 0xee, 0xca, 0x80, 0x00, 0x00, 0x00, 0x00, 0x03,
  0xbd, 0xa2, 0x02, 0xe5, 0x17, 0xc0, 0x7d, 0x55, 0x5e, 0x37, 0xd7, 0x77, 0x72, 0x3e, 0x30, 0x14,
  0x00, 0x5d, 0xed, 0x60, 0x00, 0x00, 0x00, 0x00, 0x00, 0x22, 0x00, 0x7d, 0xb2, 0x0c, 0x30, 0x0a,
  0xff, 0xb0, 0x1d, 0x41, 0x00, 0xd3, 0x00, 0x0d, 0x30, 0x00, 0xd3, 0x00, 0x0d, 0x30, 0x00, 0x04,
  0xbd, 0xa7, 0x70, 0x2e, 0x51, 0x5f, 0x90, 0x7a, 0x00, 0x0e, 0xa0, 0x7a, 0x00, 0x0f, 0xa0, 0x2e,
  0x73, 0x7f, 0x90, 0x02, 0x9b, 0x88, 0x80, 0x04, 0x00, 0x0c, 0x50, 0x1b, 0xec, 0xe9, 0x00, 0x00,
  0x12, 0x10, 0x00, 0x02, 0x00, 0x00, 0x00, 0xf1, 0x00, 0x00, 0x0f, 0x10, 0x00, 0x00, 0xf7, 0xcd,
  0x70, 0x0f, 0xb2, 0x3d, 0x50, 0xf2, 0x00, 0x88, 0x0f, 0x10, 0x08, 0x80, 0xf1, 0x00, 0x88, 0x0f,
  0x10, 0x08, 0x80, 0x13, 0x04, 0xd0, 0x00, 0x00, 0xc1, 0x0f, 0x10, 0xf1, 0x0f, 0x10, 0xf1, 0x0f,
  0x10, 0x00, 0x13, 0x00, 0x04, 0xd0, 0x00, 0x00, 0x00, 0x00, 0xc1, 0x00, 0x0e, 0x20, 0x00, 0xe2,
  0x00, 0x0e, 0x20, 0x00, 0xe2, 0x00, 0x0e, 0x20, 0x01, 0xf1, 0x0b, 0xca, 0x00, 0x12, 0x00, 0x02,
  0x00, 0x00, 0x00, 0xf1, 0x00, 0x00, 0x0f, 0x10, 0x00, 0x00, 0xf1, 0x03, 0xb2, 0x0f, 0x14, 0xd3,
  0x00, 0xf6, 0xf5, 0x00, 0x0f, 0xea, 0xb0, 0x00, 0xf3, 0x0b, 0x90, 0x0f, 0x10, 0x1d, 0x50, 0x02,
  0x00, 0xf1, 0x0f, 0x10, 0xf1, 0x0f, 0x10, 0xf1, 0x0f, 0x10, 0xf1, 0x0f, 0x10, 0x0c, 0x6c, 0xc6,
  0x4b, 0xd9, 0x00, 0x0f, 0xa2, 0x4f, 0xe3, 0x2c, 0x70, 0x0f, 0x20, 0x0b, 0x70, 0x06, 0xa0, 0x0f,
  0x10, 0x0a, 0x60, 0x06, 0xa0, 0x0f, 0x10, 0x0a, 0x60, 0x06, 0xa0, 0x0f, 0x10, 0x0a, 0x60, 0x06,
  0xa0, 0x0c, 0x6c, 0xd7, 0x00, 0xfb, 0x23, 0xd5, 0x0f, 0x20, 0x08, 0x80, 0xf1, 0x00, 0x88, 0x0f,
  0x10, 0x08, 0x80, 0xf1, 0x00, 0x88, 0x03, 0xbd, 0xb3, 0x02, 0xe5, 0x16, 0xe2, 0x7a, 0x00, 0x0a,
  0x77, 0x90, 0x00, 0xa7, 0x3e, 0x30, 0x3e, 0x30, 0x5d, 0xed, 0x50, 0x00, 0x01, 0x00, 0x00, 0x0c,
  0x5c, 0xd8, 0x00, 0x0f, 0xb2, 0x2b, 0x90, 0x0f, 0x30, 0x02, 0xe0, 0x0f, 0x20, 0x01, 0xf0, 0x0f,
  0xa0, 0x09, 0xa0, 0x0f, 0x9e, 0xeb, 0x10, 0x0f, 0x10, 0x00, 0x00, 0x0f, 0x10, 0x00, 0x00, 0x02,
  0x00, 0x00, 0x00, 0x03, 0xbd, 0xa8, 0x60, 0x2e, 0x51, 0x6f, 0x80, 0x7a, 0x00, 0x0f, 0x80, 0x79,
  0x00, 0x0f, 0x80, 0x3e, 0x30, 0x3f, 0x80, 0x06, 0xee, 0xcb, 0x80, 0x00, 0x00, 0x08, 0x80, 0x00,
  0x00, 0x08, 0x80, 0x00, 0x00, 0x01, 0x10, 0x0c, 0x6c, 0x20, 0xfb, 0x30, 0x0f, 0x20, 0x00, 0xf1,
  0x00, 0x0f, 0x10, 0x00, 0xf1, 0x00, 0x18, 0xcc, 0x80, 0x7a, 0x12, 0x40, 0x5d, 0x63, 0x00, 0x04,
  0x8c, 0xc0, 0x22, 0x00, 0xe2, 0x6d, 0xdd, 0x80, 0x00, 0x00, 0x00, 0x01, 0x00, 0x00, 0xd3, 0x00,
  0xaf, 0xfb, 0x01, 0xd4, 0x10, 0x0d, 0x30, 0x00, 0xd3, 0x00, 0x0c, 0x50, 0x00, 0x5e, 0xd2, 0x00,
  0x00, 0x00, 0x1c, 0x00, 0x08, 0x51, 0xf0, 0x00, 0x97, 0x1f, 0x00, 0x09, 0x71, 0xf0, 0x00, 0xa7,
  0x0d, 0x50, 0x3f, 0x70, 0x4e, 0xec, 0xb7, 0x00, 0x01, 0x00, 0x00, 0x0a, 0x30, 0x01, 0xb0, 0x07,
  0xa0, 0x07, 0x90, 0x01, 0xe1, 0x0d, 0x20, 0x00, 0x88, 0x5b, 0x00, 0x00, 0x2d, 0xc4, 0x00, 0x00,
  0x0b, 0xe0, 0x00, 0xa3, 0x00, 0x87, 0x00, 0x38, 0x78, 0x01, 0xee, 0x00, 0x95, 0x1d, 0x06, 0x9b,
  0x41, 0xd0, 0x0b, 0x4b, 0x35, 0xa6, 0x90, 0x05, 0xbc, 0x00, 0xdc, 0x30, 0x00, 0xf6, 0x00, 0x8e,
  0x00, 0x59, 0x00, 0x86, 0x0b, 0x76, 0xb0, 0x01, 0xee, 0x10, 0x01, 0xee, 0x10, 0x0a, 0x76, 0xb0,
  0x7b, 0x00, 0xa8, 0x0a, 0x30, 0x01, 0xb0, 0x06, 0xa0, 0x07, 0x90, 0x01, 0xe2, 0x0d, 0x20, 0x00,
  0x88, 0x5a, 0x00, 0x00, 0x2e, 0xc4, 0x00, 0x00, 0x0d, 0xf0, 0x00, 0x00, 0x0b, 0x50, 0x00, 0x1d,
  0xcb, 0x00, 0x00, 0x01, 0x20, 0x00, 0x00, 0x6c, 0xcc, 0xd3, 0x01, 0x18, 0xb0, 0x00, 0x4d, 0x10,
  0x02, 0xd2, 0x00, 0x1d, 0x50, 0x00, 0x8f, 0xdd, 0xd4, 0x00, 0x11, 0x03, 0xe7, 0x07, 0x90, 0x08,
  0x80, 0x08, 0x80, 0x3c, 0x60, 0x2c, 0x60, 0x08, 0x80, 0x08, 0x80, 0x07, 0x90, 0x03, 0xe7, 0x00,
  0x11, 0x02, 0x00, 0xd2, 0x0d, 0x20, 0xd2, 0x0d, 0x20, 0xd2, 0x0d, 0x20, 0xd2, 0x0d, 0x20, 0xd2,
  0x0d, 0x20, 0x20, 0x21, 0x00, 0x9e, 0x20, 0x0b, 0x50, 0x0a, 0x50, 0x0a, 0x50, 0x08, 0xb1, 0x08,
  0xb1, 0x0a, 0x50, 0x0a, 0x50, 0x0b, 0x50, 0x9e, 0x20, 0x20, 0x00, 0x09, 0xa2, 0x17, 0x48, 0x3c,
  0xc5, 0x00, 0x00, 0x10, 0x00, 0x00, 0x00, 0x00, 0x00, 0x00, 0x00, 0x3a, 0x2b, 0x00, 0x00, 0x10,
  0x10, 0x09, 0xbb, 0xbb, 0x60, 0xd7, 0x44, 0x42, 0x0d, 0x40, 0x00, 0x00, 0xd9, 0x66, 0x61, 0x0d,
  0xb8, 0x88, 0x10, 0xd4, 0x00, 0x00, 0x0d, 0x40, 0x00, 0x00, 0xdf, 0xee, 0xeb, 0x00, 0x00, 0x78,
  0x00, 0x00, 0x00, 0x01, 0xee, 0x20, 0x00, 0x00, 0x08, 0x88, 0x80, 0x00, 0x00, 0x1e, 0x21, 0xe1,
  0x00, 0x00, 0x6a, 0x00, 0x97, 0x00, 0x00, 0xff, 0xcc, 0xff, 0x00, 0x05, 0xc1, 0x11, 0x1c, 0x60,
  0x0c, 0x50, 0x00, 0x05, 0xc0, 0x08, 0xbb, 0xbb, 0xb0, 0x0c, 0x74, 0x44, 0x40, 0x0c, 0x40, 0x00,
  0x00, 0x0c, 0xa8, 0x87, 0x20, 0x0c, 0x85, 0x58, 0xe2, 0x0c, 0x40, 0x00, 0xa7, 0x0c, 0x40, 0x01,
  0xd4, 0x0c, 0xed, 0xdd, 0x70, 0x08, 0xbb, 0xa8, 0x20, 0x0c, 0x63, 0x37, 0xe1, 0x0c, 0x40, 0x00,
  0xf2, 0x0c, 0x85, 0x5a, 0x90, 0x0c, 0xa8, 0x8b, 0xb1, 0x0c, 0x40, 0x00, 0x97, 0x0c, 0x40, 0x01,
  0xc7, 0x0c, 0xed, 0xdd, 0x90, 0x08, 0xbb, 0xbb, 0x30, 0xc7, 0x44, 0x41, 0x0c, 0x40, 0x00, 0x00,
  0xc4, 0x00, 0x00, 0x0c, 0x40, 0x00, 0x00, 0xc4, 0x00, 0x00, 0x0c, 0x40, 0x00, 0x00, 0xc4, 0x00,
  0x00, 0x00, 0xbb, 0xbb, 0xb4, 0x00, 0x1e, 0x44, 0x4c, 0x60, 0x01, 0xd0, 0x00, 0xa6, 0x00, 0x2d,
  0x00, 0x0a, 0x60, 0x03, 0xb0, 0x00, 0xa6, 0x00, 0x69, 0x00, 0x0a, 0x60, 0x0c, 0x40, 0x00, 0xa6,
  0x0d, 0xfe, 0xee, 0xef, 0xf8, 0xd2, 0x00, 0x00, 0x07, 0x89, 0x20, 0x00, 0x00, 0x55, 0x09, 0xbb,
  0xbb, 0x60, 0xd7, 0x44, 0x42, 0x0d, 0x40, 0x00, 0x00, 0xd9, 0x66, 0x61, 0x0d, 0xb8, 0x88, 0x10,
  0xd4, 0x00, 0x00, 0x0d, 0x40, 0x00, 0x00, 0xdf, 0xee, 0xeb, 0x48, 0x00, 0x09, 0x20, 0x05, 0x70,
  0x0c, 0x50, 0x0d, 0x30, 0x1e, 0x30, 0x03, 0xd1, 0x0d, 0x30, 0x98, 0x00, 0x00, 0x9e, 0x5f, 0x89,
  0xf0, 0x00, 0x00, 0x9f, 0x9f, 0xcf, 0xf0, 0x00, 0x03, 0xe2, 0x0d, 0x30, 0xb8, 0x00, 0x0c, 0x70,
  0x0d, 0x30, 0x2e, 0x30, 0x7c, 0x00, 0x0d, 0x30, 0x07, 0xc0, 0x28, 0xbb, 0x81, 0x05, 0x73, 0x3a,
  0xb0, 0x00, 0x00, 0x2e, 0x00, 0x36, 0x7c, 0x80, 0x03, 0x77, 0xca, 0x00, 0x00, 0x00, 0xd4, 0x62,
  0x00, 0x3e, 0x37, 0xde, 0xed, 0x60, 0x00, 0x01, 0x00, 0x00, 0x08, 0x30, 0x00, 0x49, 0x00, 0xc4,
  0x00, 0x2e, 0xd0, 0x0c, 0x40, 0x1c, 0xad, 0x00, 0xc4, 0x09, 0xa3, 0xd0, 0x0c, 0x46, 0xd1, 0x3d,
  0x00, 0xc7, 0xe3, 0x03, 0xd0, 0x0c, 0xf5, 0x00, 0x3d, 0x00, 0xc9, 0x00, 0x03, 0xd0, 0x00, 0x27,
  0x05, 0x40, 0x00, 0x00, 0x7a, 0x91, 0x00, 0x08, 0x30, 0x00, 0x49, 0x00, 0xc4, 0x00, 0x2e, 0xd0,
  0x0c, 0x40, 0x1c, 0xad, 0x00, 0xc4, 0x09, 0xa3, 0xd0, 0x0c, 0x46, 0xd1, 0x3d, 0x00, 0xc7, 0xe3,
  0x03, 0xd0, 0x0c, 0xf5, 0x00, 0x3d, 0x00, 0xc9, 0x00, 0x03, 0xd0, 0x08, 0x30, 0x00, 0x93, 0x0c,
  0x40, 0x08, 0x90, 0x0c, 0x40, 0x4c, 0x10, 0x0c, 0xa7, 0xf3, 0x00, 0x0c, 0xdd, 0xf2, 0x00, 0x0c,
  0x40, 0x7c, 0x00, 0x0c, 0x40, 0x0b, 0x80, 0x0c, 0x40, 0x01, 0xd4, 0x00, 0xab, 0xbb, 0xb5, 0x00,
  0x0f, 0x44, 0x4b, 0x70, 0x00, 0xe0, 0x00, 0x97, 0x00, 0x1e, 0x00, 0x09, 0x70, 0x02, 0xd0, 0x00,
  0x97, 0x00, 0x4b, 0x00, 0x09, 0x70, 0x09, 0x80, 0x00, 0x97, 0x0c, 0xe2, 0x00, 0x09, 0x70, 0x10,
  0x00, 0x00, 0x00, 0x00, 0x08, 0x30, 0x00, 0x00, 0x84, 0x00, 0xcc, 0x00, 0x00, 0x3f, 0x60, 0x0c,
  0xe6, 0x00, 0x0c, 0xe6, 0x00, 0xc6, 0xd1, 0x06, 0xaa, 0x60, 0x0c, 0x47, 0x91, 0xd2, 0xa6, 0x00,
  0xc4, 0x0d, 0xb7, 0x0a, 0x60, 0x0c, 0x40, 0x4e, 0x00, 0xa6, 0x00, 0xc4, 0x00, 0x00, 0x0a, 0x60,
  0x09, 0x30, 0x00, 0x38, 0x00, 0xd4, 0x00, 0x05, 0xc0, 0x0d, 0x40, 0x00, 0x5c, 0x00, 0xd9, 0x66,
  0x69, 0xc0, 0x0d, 0xb8, 0x88, 0xbc, 0x00, 0xd4, 0x00, 0x05, 0xc0, 0x0d, 0x40, 0x00, 0x5c, 0x00,
  0xd4, 0x00, 0x05, 0xc0, 0x00, 0x39, 0xba, 0x50, 0x00, 0x6e, 0x74, 0x6d, 0xa0, 0x2e, 0x30, 0x00,
  0x1d, 0x56, 0xb0, 0x00, 0x00, 0x8a, 0x7a, 0x00, 0x00, 0x07, 0xa3, 0xe1, 0x00, 0x00, 0xb7, 0x0a,
  0xb2, 0x01, 0x9d, 0x10, 0x07, 0xee, 0xf9, 0x10, 0x00, 0x00, 0x10, 0x00, 0x00, 0x08, 0xbb, 0xbb,
  0xb9, 0x00, 0xc7, 0x44, 0x47, 0xc0, 0x0c, 0x40, 0x00, 0x4c, 0x00, 0xc4, 0x00, 0x04, 0xc0, 0x0c,
  0x40, 0x00, 0x4c, 0x00, 0xc4, 0x00, 0x04, 0xc0, 0x0c, 0x40, 0x00, 0x4c, 0x00, 0xc4, 0x00, 0x04,
  0xc0, 0x09, 0xbb, 0xa7, 0x10, 0x0d, 0x84, 0x49, 0xd1, 0x0d, 0x40, 0x00, 0xd5, 0x0d, 0x40, 0x00,
  0xd4, 0x0d, 0x84, 0x5a, 0xd0, 0x0d, 0xda, 0xa7, 0x10, 0x0d, 0x40, 0x00, 0x00, 0x0d, 0x40, 0x00,
  0x00, 0x00, 0x39, 0xba, 0x50, 0x06, 0xe7, 0x45, 0xd4, 0x2e, 0x30, 0x00, 0x00, 0x6b, 0x00, 0x00,
  0x00, 0x7a, 0x00, 0x00, 0x00, 0x3e, 0x10, 0x00, 0x00, 0x0a, 0xb2, 0x01, 0x83, 0x00, 0x7e, 0xee,
  0xa1, 0x00, 0x00, 0x10, 0x00, 0x9b, 0xbb, 0xbb, 0x53, 0x47, 0xe4, 0x42, 0x00, 0x4d, 0x00, 0x00,
  0x04, 0xd0, 0x00, 0x00, 0x4d, 0x00, 0x00, 0x04, 0xd0, 0x00, 0x00, 0x4d, 0x00, 0x00, 0x04, 0xd0,
  0x00, 0x76, 0x00, 0x00, 0x83, 0x3e, 0x10, 0x03, 0xd0, 0x0a, 0x70, 0x0b, 0x50, 0x02, 0xe1, 0x4c,
  0x00, 0x00, 0x98, 0xc3, 0x00, 0x00, 0x1f, 0xb0, 0x00, 0x00, 0x1f, 0x20, 0x00, 0x0d, 0xe6, 0x00,
  0x00, 0x01, 0x10, 0x00, 0x00, 0x00, 0x01, 0x9c, 0x10, 0x00, 0x03, 0xbd, 0xff, 0xcc, 0x40, 0x1e,
  0x50, 0x69, 0x03, 0xd3, 0x6a, 0x00, 0x69, 0x00, 0x79, 0x79, 0x00, 0x69, 0x00, 0x6a, 0x3e, 0x20,
  0x69, 0x01, 0xc6, 0x06, 0xe9, 0xcf, 0x8d, 0x90, 0x00, 0x15, 0xdf, 0x62, 0x00, 0x00, 0x00, 0x23,
  0x00, 0x00, 0x49, 0x00, 0x06, 0x70, 0x0c, 0x80, 0x3e, 0x20, 0x02, 0xe4, 0xd6, 0x00, 0x00, 0x6f,
  0xa0, 0x00, 0x00, 0x5f, 0xa0, 0x00, 0x02, 0xe5, 0xd6, 0x00, 0x0b, 0x80, 0x4e, 0x20, 0x7c, 0x00,
  0x08, 0xc0, 0x08, 0x30, 0x00, 0x47, 0x00, 0xc4, 0x00, 0x06, 0xa0, 0x0c, 0x40, 0x00, 0x6a, 0x00,
  0xc4, 0x00, 0x06, 0xa0, 0x0c, 0x40, 0x00, 0x6a, 0x00, 0xc4, 0x00, 0x06, 0xa0, 0x0c, 0x40, 0x00,
  0x6a, 0x00, 0xcf, 0xee, 0xef, 0xfc, 0x00, 0x00, 0x00, 0x02, 0xd0, 0x00, 0x00, 0x00, 0x2a, 0x65,
  0x00, 0x04, 0x70, 0x97, 0x00, 0x06, 0xa0, 0x97, 0x00, 0x06, 0xa0, 0x7a, 0x00, 0x06, 0xa0, 0x1d,
  0xb9, 0xaf, 0xa0, 0x01, 0x56, 0x46, 0xa0, 0x00, 0x00, 0x06, 0xa0, 0x00, 0x00, 0x06, 0xa0, 0x08,
  0x30, 0x05, 0x60, 0x02, 0x90, 0x0c, 0x40, 0x08, 0x90, 0x04, 0xd0, 0x0c, 0x40, 0x08, 0x90, 0x04,
  0xd0, 0x0c, 0x40, 0x08, 0x90, 0x04, 0xd0, 0x0c, 0x40, 0x08, 0x90, 0x04, 0xd0, 0x0c, 0x40, 0x08,
  0x90, 0x04, 0xd0, 0x0c, 0x40, 0x08, 0x90, 0x04, 0xd0, 0x0c, 0xfe, 0xef, 0xfe, 0xef, 0xd0, 0x08,
  0x30, 0x05, 0x60, 0x02, 0x90, 0x0c, 0x40, 0x08, 0x90, 0x04, 0xd0, 0x0c, 0x40, 0x08, 0x90, 0x04,
  0xd0, 0x0c, 0x40, 0x08, 0x90, 0x04, 0xd0, 0x0c, 0x40, 0x08, 0x90, 0x04, 0xd0, 0x0c, 0x40, 0x08,
  0x90, 0x04, 0xd0, 0x0c, 0x40, 0x08, 0x90, 0x04, 0xd0, 0x0c, 0xfe, 0xef, 0xfe, 0xef, 0xfb, 0x00,
  0x00, 0x00, 0x00, 0x00, 0x4b, 0x00, 0x00, 0x00, 0x00, 0x00, 0x38, 0x9b, 0xb6, 0x00, 0x00, 0x03,
  0x4a, 0x80, 0x00, 0x00, 0x00, 0x88, 0x00, 0x00, 0x00, 0x08, 0xed, 0xdd, 0x91, 0x00, 0x88, 0x00,
  0x1b, 0x70, 0x08, 0x80, 0x00, 0x79, 0x00, 0x88, 0x00, 0x1c, 0x60, 0x08, 0xed, 0xdd, 0x80, 0x08,
  0x30, 0x00, 0x00, 0x83, 0x00, 0xc4, 0x00, 0x00, 0x0c, 0x40, 0x0c, 0x40, 0x00, 0x00, 0xc4, 0x00,
  0xcd, 0xdd, 0xd7, 0x0c, 0x40, 0x0c, 0x40, 0x02, 0xe3, 0xc4, 0x00, 0xc4, 0x00, 0x0b, 0x5c, 0x40,
  0x0c, 0x40, 0x03, 0xe2, 0xc4, 0x00, 0xce, 0xdd, 0xc5, 0x0c, 0x40, 0x08, 0x30, 0x00, 0x00, 0x0c,
  0x40, 0x00, 0x00, 0x0c, 0x40, 0x00, 0x00, 0x0c, 0xdd, 0xdd, 0x70, 0x0c, 0x40, 0x02, 0xe3, 0x0c,
  0x40, 0x00, 0xb5, 0x0c, 0x40, 0x03, 0xe2, 0x0c, 0xed, 0xdc, 0x50, 0x06, 0xab, 0x92, 0x00, 0x6c,
  0x54, 0x8e, 0x30, 0x00, 0x00, 0x06, 0xc0, 0x00, 0x45, 0x56, 0xf2, 0x00, 0x58, 0x88, 0xf2, 0x00,
  0x00, 0x04, 0xe0, 0x47, 0x10, 0x4d, 0x60, 0x2b, 0xfe, 0xd5, 0x00, 0x00, 0x01, 0x00, 0x00, 0x08,
  0x30, 0x02, 0x9b, 0xa4, 0x00, 0x0c, 0x40, 0x5e, 0x74, 0x6d, 0x70, 0x0c, 0x41, 0xe4, 0x00, 0x02,
  0xe2, 0x0c, 0x9a, 0xf0, 0x00, 0x00, 0xb6, 0x0c, 0xbd, 0xf0, 0x00, 0x00, 0xa7, 0x0c, 0x41, 0xf2,
  0x00, 0x01, 0xe4, 0x0c, 0x40, 0x8c, 0x20, 0x1a, 0xa0, 0x0c, 0x40, 0x07, 0xee, 0xe8, 0x10, 0x00,
  0x00, 0x00, 0x01, 0x00, 0x00, 0x01, 0x7a, 0xbb, 0x90, 0x0d, 0x94, 0x47, 0xd0, 0x4d, 0x00, 0x04,
  0xd0, 0x5d, 0x00, 0x04, 0xd0, 0x1e, 0x83, 0x36, 0xd0, 0x02, 0xff, 0xcd, 0xd0, 0x05, 0xc0, 0x04,
  0xd0, 0x1d, 0x30, 0x04, 0xd0, 0x18, 0xcd, 0x80, 0x17, 0x22, 0xc6, 0x02, 0x55, 0xb9, 0x3d, 0x76,
  0xb9, 0x6a, 0x00, 0xb9, 0x1b, 0xcc, 0xb9, 0x00, 0x00, 0x00, 0x00, 0x00, 0x02, 0x20, 0x04, 0xae,
  0xd5, 0x07, 0xd5, 0x10, 0x01, 0xe2, 0x55, 0x10, 0x4d, 0xc9, 0xbe, 0x24, 0xf2, 0x00, 0x9a, 0x3e,
  0x00, 0x05, 0xb0, 0xd6, 0x00, 0xb8, 0x03, 0xcd, 0xe9, 0x00, 0x00, 0x10, 0x00, 0x0c, 0xcc, 0xb4,
  0x00, 0xf1, 0x05, 0xd0, 0x0f, 0x65, 0xa8, 0x00, 0xf7, 0x7a, 0xb0, 0x0f, 0x10, 0x1f, 0x10, 0xfc,
  0xcd, 0x80, 0x0c, 0xdc, 0xc4, 0x0f, 0x31, 0x10, 0x0f, 0x10, 0x00, 0x0f, 0x10, 0x00, 0x0f, 0x10,
  0x00, 0x0f, 0x10, 0x00, 0x06, 0xcc, 0xcc, 0x10, 0x88, 0x11, 0xf1, 0x09, 0x60, 0x0f, 0x10, 0xa5,
  0x00, 0xf1, 0x1e, 0x10, 0x0f, 0x1e, 0xfe, 0xee, 0xfe, 0xe1, 0x00, 0x00, 0xe5, 0x00, 0x00, 0x05,
  0x03, 0xbd, 0xa2, 0x02, 0xe5, 0x17, 0xc0, 0x7d, 0x55, 0x5e, 0x37, 0xd7, 0x77, 0x72, 0x3e, 0x30,
  0x14, 0x00, 0x5d, 0xed, 0x60, 0x00, 0x00, 0x00, 0x00, 0x59, 0x00, 0xb2, 0x04, 0xa0, 0x0c, 0x40,
  0xd3, 0x1d, 0x30, 0x03, 0xf6, 0xf8, 0xf8, 0x00, 0x03, 0xf9, 0xfb, 0xf8, 0x00, 0x0d, 0x60, 0xd3,
  0x2e, 0x30, 0x8b, 0x00, 0xd3, 0x06, 0xd0, 0x3b, 0xdc, 0x60, 0x23, 0x13, 0xe3, 0x02, 0x69, 0xb1,
  0x02, 0x67, 0xc2, 0x21, 0x01, 0xc5, 0x5d, 0xdd, 0x90, 0x00, 0x10, 0x00, 0x0c, 0x10, 0x09, 0x80,
  0x0f, 0x10, 0x7f, 0x90, 0x0f, 0x15, 0xd8, 0x90, 0x0f, 0x4d, 0x27, 0x90, 0x0f, 0xe4, 0x07, 0x90,
  0x0f, 0x60, 0x07, 0x90, 0x00, 0x10, 0x10, 0x00, 0x02, 0xb4, 0xb1, 0x00, 0x00, 0x36, 0x20, 0x00,
  0x0c, 0x10, 0x09, 0x80, 0x0f, 0x10, 0x7f, 0x90, 0x0f, 0x15, 0xd8, 0x90, 0x0f, 0x4d, 0x27, 0x90,
  0x0f, 0xe4, 0x07, 0x90, 0x0f, 0x60, 0x07, 0x90, 0x0c, 0x10, 0x2b, 0x10, 0xf1, 0x0c, 0x50, 0x0f,
  0x7f, 0x80, 0x00, 0xf9, 0xf8, 0x00, 0x0f, 0x11, 0xd5, 0x00, 0xf1, 0x03, 0xe2, 0x06, 0xdc, 0xdd,
  0x00, 0x88, 0x12, 0xf0, 0x08, 0x60, 0x0f, 0x00, 0xa4, 0x00, 0xf0, 0x0d, 0x20, 0x0f, 0x0d, 0xa0,
  0x00, 0xf0, 0x10, 0x00, 0x00, 0x00, 0x0c, 0x40, 0x00, 0x69, 0x00, 0xfd, 0x00, 0x1f, 0xb0, 0x0e,
  0x87, 0x0a, 0x8b, 0x00, 0xe1, 0xd5, 0xb3, 0xb0, 0x0e, 0x05, 0xf2, 0x3b, 0x00, 0xe0, 0x03, 0x03,
  0xb0, 0x0c, 0x10, 0x07, 0x60, 0xf1, 0x00, 0x97, 0x0f, 0x65, 0x5b, 0x70, 0xf9, 0x88, 0xc7, 0x0f,
  0x10, 0x09, 0x70, 0xf1, 0x00, 0x97, 0x03, 0xbd, 0xb3, 0x02, 0xe5, 0x16, 0xe2, 0x7a, 0x00, 0x0a,
  0x77, 0x90, 0x00, 0xa7, 0x3e, 0x30, 0x3e, 0x30, 0x5d, 0xed, 0x50, 0x00, 0x01, 0x00, 0x00, 0x0c,
  0xdc, 0xcd, 0x50, 0xf3, 0x11, 0xa6, 0x0f, 0x10, 0x09, 0x60, 0xf1, 0x00, 0x96, 0x0f, 0x10, 0x09,
  0x60, 0xf1, 0x00, 0x96, 0x0c, 0x5c, 0xd8, 0x00, 0x0f, 0xb2, 0x2b, 0x90, 0x0f, 0x30, 0x02, 0xe0,
  0x0f, 0x20, 0x01, 0xf0, 0x0f, 0xa0, 0x09, 0xa0, 0x0f, 0x9e, 0xeb, 0x10, 0x0f, 0x10, 0x00, 0x00,
  0x0f, 0x10, 0x00, 0x00, 0x02, 0x00, 0x00, 0x00, 0x03, 0xbd, 0xb3, 0x2e, 0x61, 0x68, 0x7a, 0x00,
  0x00, 0x79, 0x00, 0x00, 0x3e, 0x30, 0x36, 0x05, 0xde, 0xd5, 0x00, 0x01, 0x00, 0xcc, 0xdd, 0xc5,
  0x11, 0xd5, 0x11, 0x00, 0xc4, 0x00, 0x00, 0xc4, 0x00, 0x00, 0xc4, 0x00, 0x00, 0xc4, 0x00, 0x0a,
  0x30, 0x01, 0xb0, 0x06, 0xa0, 0x07, 0x90, 0x01, 0xe2, 0x0d, 0x20, 0x00, 0x88, 0x5a, 0x00, 0x00,
  0x2e, 0xc4, 0x00, 0x00, 0x0d, 0xf0, 0x00, 0x00, 0x0b, 0x50, 0x00, 0x1d, 0xcb, 0x00, 0x00, 0x01,
  0x20, 0x00, 0x00, 0x00, 0x00, 0x20, 0x00, 0x00, 0x00, 0x1e, 0x00, 0x00, 0x00, 0x01, 0xe0, 0x00,
  0x00, 0x29, 0xdf, 0xc8, 0x10, 0x2d, 0x73, 0xf2, 0x8d, 0x16, 0x90, 0x1e, 0x00, 0xc4, 0x79, 0x01,
  0xe0, 0x0b, 0x52, 0xe4, 0x1e, 0x05, 0xe1, 0x04, 0xcf, 0xfe, 0xb3, 0x00, 0x00, 0x2f, 0x00, 0x00,
  0x00, 0x01, 0xe0, 0x00, 0x00, 0x00, 0x02, 0x00, 0x00, 0x59, 0x00, 0x86, 0x0b, 0x76, 0xb0, 0x01,
  0xee, 0x10, 0x01, 0xee, 0x10, 0x0a, 0x76, 0xb0, 0x7b, 0x00, 0xa8, 0x0c, 0x10, 0x09, 0x40, 0x0f,
  0x10, 0x0b, 0x50, 0x0f, 0x10, 0x0b, 0x50, 0x0f, 0x10, 0x0b, 0x50, 0x0f, 0x10, 0x0b, 0x50, 0x0f,
  0xee, 0xef, 0xf3, 0x00, 0x00, 0x00, 0xb4, 0x00, 0x00, 0x00, 0x41, 0x76, 0x00, 0x58, 0x08, 0x80,
  0x06, 0xa0, 0x7a, 0x00, 0x7a, 0x01, 0xcd, 0xcd, 0xa0, 0x00, 0x10, 0x6a, 0x00, 0x00, 0x06, 0xa0,
  0x0c, 0x10, 0x49, 0x00, 0x94, 0x0f, 0x10, 0x5b, 0x00, 0xb5, 0x0f, 0x10, 0x5b, 0x00, 0xb5, 0x0f,
  0x10, 0x5b, 0x00, 0xb5, 0x0f, 0x10, 0x5b, 0x00, 0xb5, 0x0f, 0xee, 0xff, 0xee, 0xf5, 0x0c, 0x10,
  0x49, 0x00, 0x94, 0x00, 0xf1, 0x05, 0xb0, 0x0b, 0x50, 0x0f, 0x10, 0x5b, 0x00, 0xb5, 0x00, 0xf1,
  0x05, 0xb0, 0x0b, 0x50, 0x0f, 0x10, 0x5b, 0x00, 0xb5, 0x00, 0xfe, 0xef, 0xfe, 0xef, 0xf8, 0x00,
  0x00, 0x00, 0x00, 0x06, 0x90, 0x00, 0x00, 0x00, 0x00, 0x12, 0xcc, 0xb0, 0x00, 0x01, 0x4d, 0x00,
  0x00, 0x03, 0xfc, 0xca, 0x10, 0x3d, 0x00, 0x99, 0x03, 0xd0, 0x08, 0x90, 0x3f, 0xcc, 0xb2, 0x0c,
  0x10, 0x00, 0x3a, 0x00, 0xf1, 0x00, 0x03, 0xd0, 0x0f, 0xcc, 0xb3, 0x3d, 0x00, 0xf1, 0x06, 0xc3,
  0xd0, 0x0f, 0x10, 0x5c, 0x3d, 0x00, 0xfc, 0xcd, 0x43, 0xd0, 0x00, 0x00, 0x00, 0x00, 0x00, 0x0c,
  0x10, 0x00, 0x0f, 0x10, 0x00, 0x0f, 0xcc, 0xb3, 0x0f, 0x10, 0x5d, 0x0f, 0x10, 0x3e, 0x0f, 0xcc,
  0xd5, 0x00, 0x00, 0x00, 0x2a, 0xdc, 0x50, 0x44, 0x02, 0xd5, 0x00, 0x55, 0x9c, 0x00, 0x77, 0x9d,
  0x32, 0x01, 0xb7, 0x4c, 0xdd, 0x80, 0x00, 0x10, 0x00, 0x0c, 0x10, 0x5c, 0xd9, 0x10, 0x0f, 0x15,
  0xd3, 0x1a, 0xa0, 0x0f, 0x7f, 0x60, 0x01, 0xf1, 0x0f, 0x9f, 0x50, 0x00, 0xf1, 0x0f, 0x16, 0xc1,
  0x07, 0xc0, 0x0f, 0x10, 0x8e, 0xeb, 0x20, 0x00, 0x00, 0x00, 0x00, 0x00, 0x06, 0xbc, 0xd9, 0x04,
  0xd3, 0x15, 0xb0, 0x5b, 0x00, 0x4b, 0x01, 0xbe, 0xab, 0xb0, 0x06, 0xc2, 0x6b, 0x02, 0xd1, 0x04,
  0xb0, 0x03, 0xa2, 0xb0, 0x00, 0x01, 0x01, 0x00, 0x03, 0xbd, 0xa2, 0x02, 0xe5, 0x17, 0xc0, 0x7d,
  0x55, 0x5e, 0x37, 0xd7, 0x77, 0x72, 0x3e, 0x30, 0x14, 0x00, 0x5d, 0xed, 0x60, 0x00, 0x00, 0x00,
  0x00,
};
static const screen_font_glyph_t montserrat_hint_glyphs[] = {
  {0x0020, 3, 0, 0, 11, 3, 0},
  {0x0021, 3, 9, 0, 3, 3, 0},
  {0x0022, 4, 8, 0, 3, 4, 14},
  {0x0023, 8, 8, 0, 3, 8, 30},
  {0x0024, 7, 12, 0, 1, 7, 62},
  {0x0025, 9, 9, 0, 3, 9, 104},
  {0x0026, 8, 9, 0, 3, 8, 145},
  {0x0027, 2, 8, 0, 3, 2, 181},
  {0x0028, 4, 12, 0, 2, 4, 189},
  {0x0029, 4, 12, 0, 2, 4, 213},
  {0x002a, 5, 9, 0, 2, 4, 237},
  {0x002b, 6, 7, 0, 4, 6, 260},
  {0x002c, 3, 4, 0, 9, 2, 281},
  {0x002d, 4, 4, 0, 7, 4, 287},
  {0x002e, 3, 3, 0, 9, 2, 295},
  {0x002f, 6, 12, -1, 1, 4, 300},
  {0x0030, 7, 9, 0, 3, 7, 336},
  {0x0031, 4, 8, 0, 3, 4, 368},
  {0x0032, 6, 8, 0, 3, 6, 384},
  {0x0033, 6, 9, 0, 3, 6, 408},
  {0x0034, 8, 8, 0, 3, 7, 435},
  {0x0035, 6, 9, 0, 3, 6, 467},
  {0x0036, 7, 9, 0, 3, 7, 494},
  {0x0037, 7, 8, 0, 3, 7, 526},
  {0x0038, 7, 9, 0, 3, 7, 554},
  {0x0039, 7, 9, 0, 3, 7, 586},
  {0x003a, 3, 7, 0, 5, 2, 618},
  {0x003b, 3, 8, 0, 5, 2, 629},
  {0x003c, 6, 7, 0, 4, 6, 641},
  {0x003d, 6, 6, 0, 5, 6, 662},
  {0x003e, 6, 7, 0, 4, 6, 680},
  {0x003f, 6, 9, 0, 3, 6, 701},
  {0x0040, 11, 11, 0, 3, 11, 728},
  {0x0041, 10, 8, -1, 3, 8, 789},
  {0x0042, 8, 8, 0, 3, 8, 829},
  {0x0043, 8, 9, 0, 3, 8, 861},
  {0x0044, 9, 8, 0, 3, 9, 897},
  {0x0045, 7, 8, 0, 3, 7, 933},
  {0x0046, 7, 8, 0, 3, 7, 961},
  {0x0047, 8, 9, 0, 3, 8, 989},
  {0x0048, 9, 8, 0, 3, 9, 1025},
  {0x0049, 3, 8, 0, 3, 3, 1061},
  {0x004a, 7, 9, -1, 3, 6, 1073},
  {0x004b, 8, 8, 0, 3, 8, 1105},
  {0x004c, 7, 8, 0, 3, 7, 1137},
  {0x004d, 11, 8, 0, 3, 10, 1165},
  {0x004e, 9, 8, 0, 3, 9, 1209},
  {0x004f, 9, 9, 0, 3, 9, 1245},
  {0x0050, 8, 8, 0, 3, 8, 1286},
  {0x0051, 10, 10, 0, 3, 9, 1318},
  {0x0052, 8, 8, 0, 3, 8, 1368},
  {0x0053, 7, 9, 0, 3, 7, 1400},
  {0x0054, 7, 8, 0, 3, 6, 1432},
  {0x0055, 9, 9, 0, 3, 9, 1460},
  {0x0056, 9, 8, -1, 3, 8, 1501},
  {0x0057, 13, 8, 0, 3, 12, 1537},
  {0x0058, 8, 8, 0, 3, 7, 1589},
  {0x0059, 9, 8, -1, 3, 7, 1621},
  {0x005a, 7, 8, 0, 3, 7, 1657},
  {0x005b, 4, 12, 0, 2, 4, 1685},
  {0x005c, 6, 12, -1, 1, 4, 1709},
  {0x005d, 4, 12, 0, 2, 4, 1745},
  {0x005e, 6, 7, 0, 4, 6, 1769},
  {0x005f, 6, 1, 0, 11, 6, 1790},
  {0x0060, 7, 9, 0, 2, 7, 1793},
  {0x0061, 7, 7, 0, 5, 7, 1825},
  {0x0062, 8, 10, 0, 2, 8, 1850},
  {0x0063, 6, 7, 0, 5, 6, 1890},
  {0x0064, 8, 10, 0, 2, 8, 1911},
  {0x0065, 7, 7, 0, 5, 7, 1951},
  {0x0066, 5, 9, 0, 2, 4, 1976},
  {0x0067, 8, 9, 0, 5, 8, 1999},
  {0x0068, 7, 9, 0, 2, 7, 2035},
  {0x0069, 3, 9, 0, 2, 3, 2067},
  {0x006a, 5, 12, -2, 2, 3, 2081},
  {0x006b, 7, 9, 0, 2, 7, 2111},
  {0x006c, 3, 9, 0, 2, 3, 2143},
  {0x006d, 12, 6, 0, 5, 12, 2157},
  {0x006e, 7, 6, 0, 5, 7, 2193},
  {0x006f, 7, 7, 0, 5, 7, 2214},
  {0x0070, 8, 9, 0, 5, 8, 2239},
  {0x0071, 8, 9, 0, 5, 8, 2275},
  {0x0072, 5, 6, 0, 5, 5, 2311},
  {0x0073, 6, 7, 0, 5, 6, 2326},
  {0x0074, 5, 9, 0, 3, 5, 2347},
  {0x0075, 7, 7, 0, 5, 7, 2370},
  {0x0076, 8, 6, -1, 5, 6, 2395},
  {0x0077, 10, 6, 0, 5, 10, 2419},
  {0x0078, 6, 6, 0, 5, 6, 2449},
  {0x0079, 8, 9, -1, 5, 6, 2467},
  {0x007a, 6, 6, 0, 5, 6, 2503},
  {0x007b, 4, 12, 0, 2, 4, 2521},
  {0x007c, 3, 12, 0, 2, 3, 2545},
  {0x007d, 4, 12, 0, 2, 4, 2563},
  {0x007e, 6, 5, 0, 6, 6, 2587},
  {0x0401, 7, 10, 0, 1, 7, 2602},
  {0x0410, 10, 8, -1, 3, 8, 2637},
  {0x0411, 8, 8, 0, 3, 8, 2677},
  {0x0412, 8, 8, 0, 3, 8, 2709},
  {0x0413, 7, 8, 0, 3, 6, 2741},
  {0x0414, 9, 10, 0, 3, 9, 2769},
  {0x0415, 7, 8, 0, 3, 7, 2814},
  {0x0416, 12, 8, 0, 3, 11, 2842},
  {0x0417, 7, 9, 0, 3, 7, 2890},
  {0x0418, 9, 8, 0, 3, 9, 2922},
  {0x0419, 9, 10, 0, 1, 9, 2958},
  {0x041a, 8, 8, 0, 3, 8, 3003},
  {0x041b, 9, 9, 0, 3, 9, 3035},
  {0x041c, 11, 8, 0, 3, 11, 3076},
  {0x041d, 9, 8, 0, 3, 9, 3120},
  {0x041e, 9, 9, 0, 3, 9, 3156},
  {0x041f, 9, 8, 0, 3, 9, 3197},
  {0x0420, 8, 8, 0, 3, 8, 3233},
  {0x0421, 8, 9, 0, 3, 8, 3265},
  {0x0422, 7, 8, 0, 3, 7, 3301},
  {0x0423, 8, 9, 0, 3, 8, 3329},
  {0x0424, 10, 9, 0, 3, 10, 3365},
  {0x0425, 8, 8, 0, 3, 7, 3410},
  {0x0426, 9, 10, 0, 3, 9, 3442},
  {0x0427, 8, 8, 0, 3, 8, 3487},
  {0x0428, 12, 8, 0, 3, 12, 3519},
  {0x0429, 12, 10, 0, 3, 12, 3567},
  {0x042a, 9, 8, 0, 3, 9, 3627},
  {0x042b, 11, 8, 0, 3, 11, 3663},
  {0x042c, 8, 8, 0, 3, 8, 3707},
  {0x042d, 8, 9, 0, 3, 8, 3739},
  {0x042e, 12, 9, 0, 3, 12, 3775},
  {0x042f, 8, 8, 0, 3, 8, 3829},
  {0x0430, 6, 7, 0, 5, 6, 3861},
  {0x0431, 7, 10, 0, 2, 7, 3882},
  {0x0432, 7, 6, 0, 5, 7, 3917},
  {0x0433, 6, 6, 0, 5, 5, 3938},
  {0x0434, 7, 8, 0, 5, 7, 3956},
  {0x0435, 7, 7, 0, 5, 7, 3984},
  {0x0436, 10, 6, 0, 5, 9, 4009},
  {0x0437, 6, 7, 0, 5, 6, 4039},
  {0x0438, 8, 6, 0, 5, 8, 4060},
  {0x0439, 8, 9, 0, 2, 8, 4084},
  {0x043a, 7, 6, 0, 5, 7, 4120},
  {0x043b, 7, 7, 0, 5, 7, 4141},
  {0x043c, 9, 6, 0, 5, 9, 4166},
  {0x043d, 7, 6, 0, 5, 7, 4193},
  {0x043e, 7, 7, 0, 5, 7, 4214},
  {0x043f, 7, 6, 0, 5, 7, 4239},
  {0x0440, 8, 9, 0, 5, 8, 4260},
  {0x0441, 6, 7, 0, 5, 6, 4296},
  {0x0442, 6, 6, 0, 5, 5, 4317},
  {0x0443, 8, 9, -1, 5, 6, 4335},
  {0x0444, 9, 12, 0, 2, 9, 4371},
  {0x0445, 6, 6, 0, 5, 6, 4425},
  {0x0446, 8, 8, 0, 5, 8, 4443},
  {0x0447, 7, 6, 0, 5, 7, 4475},
  {0x0448, 10, 6, 0, 5, 10, 4496},
  {0x0449, 11, 8, 0, 5, 10, 4526},
  {0x044a, 7, 6, 0, 5, 7, 4570},
  {0x044b, 9, 7, 0, 5, 9, 4591},
  {0x044c, 6, 7, 0, 5, 6, 4623},
  {0x044d, 6, 7, 0, 5, 6, 4644},
  {0x044e, 10, 7, 0, 5, 10, 4665},
  {0x044f, 7, 6, 0, 5, 7, 4700},
  {0x0451, 7, 9, 0, 3, 7, 4721},
};
static const screen_font_data_t montserrat_hint = {montserrat_hint_glyphs, montserrat_hint_bitmap, 161};
static const uint8_t montserrat_title_bitmap[] = {
  0x0a, 0xff, 0x40, 0x09, 0xff, 0x30, 0x08, 0xff, 0x20, 0x08, 0xff, 0x10, 0x07, 0xff, 0x00, 0x06,
  0xff, 0x00, 0x05, 0xfe, 0x00, 0x05, 0xfd, 0x00, 0x04, 0xfc, 0x00, 0x01, 0x54, 0x00, 0x00, 0x00,
  0x00, 0x05, 0xdb, 0x10, 0x0c, 0xff, 0x50, 0x07, 0xfd, 0x20, 0x00, 0x10, 0x00, 0x0d, 0xf4, 0x0d,
  0xf4, 0x0d, 0xf3, 0x0d, 0xf3, 0x0c, 0xf3, 0x0c, 0xf3, 0x0c, 0xf2, 0x0c, 0xf2, 0x0b, 0xf2, 0x0b,
  0xf2, 0x06, 0x81, 0x06, 0x81, 0x00, 0x00, 0x00, 0x00, 0x00, 0x00, 0x00, 0x00, 0x00, 0x00, 0x00,
  0x00, 0x00, 0x00, 0x00, 0x00, 0x00, 0x00, 0x00, 0x00, 0x00, 0x00, 0x00, 0x00, 0x00, 0x00, 0x00,
  0x00, 0x00, 0x00, 0x00, 0x00, 0x00, 0x00, 0x9f, 0x40, 0x06, 0xf6, 0x00, 0x00, 0x00, 0xbf, 0x20,
  0x08, 0xf4, 0x00, 0x00, 0x00, 0xdf, 0x00, 0x0a, 0xf3, 0x00, 0x08, 0x99, 0xff, 0x99, 0x9f, 0xfa,
  0x97, 0x0d, 0xff, 0xff, 0xff, 0xff, 0xff, 0xfb, 0x03, 0x36, 0xfd, 0x33, 0x4f, 0xf3, 0x32, 0x00,
  0x05, 0xf7, 0x00, 0x2f, 0xa0, 0x00, 0x00, 0x07, 0xf6, 0x00, 0x4f, 0x80, 0x00, 0x23, 0x3c, 0xf7,
  0x33, 0x9f, 0xa3, 0x30, 0x8f, 0xff, 0xff, 0xff, 0xff, 0xff, 0xf1, 0x59, 0x9f, 0xf9, 0x99, 0xff,
  0xc9, 0x91, 0x00, 0x0e, 0xd0, 0x00, 0xbf, 0x10, 0x00, 0x00, 0x1f, 0xb0, 0x00, 0xde, 0x00, 0x00,
  0x00, 0x3f, 0x90, 0x00, 0xfc, 0x00, 0x00, 0x00, 0x00, 0x02, 0x61, 0x00, 0x00, 0x00, 0x00, 0x00,
  0x6f, 0x40, 0x00, 0x00, 0x00, 0x00, 0x08, 0xf6, 0x00, 0x00, 0x00, 0x01, 0x9e, 0xff, 0xff, 0xb6,
  0x00, 0x02, 0xef, 0xff, 0xff, 0xff, 0xf2, 0x00, 0xaf, 0xf6, 0x7f, 0x44, 0x9a, 0x00, 0x0e, 0xfa,
  0x06, 0xf4, 0x00, 0x00, 0x00, 0xef, 0xc0, 0x6f, 0x40, 0x00, 0x00, 0x0a, 0xff, 0xcd, 0xf4, 0x00,
  0x00, 0x00, 0x1c, 0xff, 0xff, 0xf9, 0x40, 0x00, 0x00, 0x05, 0xbf, 0xff, 0xff, 0xb1, 0x00, 0x00,
  0x00, 0x7f, 0xce, 0xff, 0x80, 0x00, 0x00, 0x06, 0xf4, 0x1d, 0xfc, 0x00, 0x31, 0x00, 0x6f, 0x40,
  0xbf, 0xc0, 0x0d, 0xd7, 0x36, 0xf5, 0x7f, 0xf8, 0x02, 0xef, 0xff, 0xff, 0xff, 0xfd, 0x10, 0x01,
  0x8d, 0xff, 0xff, 0xd8, 0x10, 0x00, 0x00, 0x01, 0x8f, 0x50, 0x00, 0x00, 0x00, 0x00, 0x06, 0xf4,
  0x00, 0x00, 0x00, 0x00, 0x00, 0x26, 0x10, 0x00, 0x00, 0x00, 0x01, 0x10, 0x00, 0x00, 0x00, 0x00,
  0x00, 0x00, 0x2b, 0xff, 0xb2, 0x00, 0x00, 0x1d, 0xe1, 0x00, 0x0c, 0xe6, 0x6e, 0xc0, 0x00, 0x09,
  0xf5, 0x00, 0x03, 0xf8, 0x00, 0x7f, 0x30, 0x05, 0xfa, 0x00, 0x00, 0x5f, 0x50, 0x05, 0xf5, 0x01,
  0xed, 0x10, 0x00, 0x04, 0xf6, 0x00, 0x6f, 0x40, 0xaf, 0x40, 0x00, 0x00, 0x1e, 0xc1, 0x1c, 0xe1,
  0x5f, 0x90, 0x00, 0x00, 0x00, 0x5f, 0xee, 0xf6, 0x2e, 0xd1, 0x16, 0x74, 0x00, 0x00, 0x37, 0x73,
  0x0b, 0xf4, 0x3e, 0xfe, 0xf8, 0x00, 0x00, 0x00, 0x06, 0xf8, 0x0c, 0xe2, 0x0a, 0xf3, 0x00, 0x00,
  0x02, 0xed, 0x01, 0xf9, 0x00, 0x3f, 0x70, 0x00, 0x00, 0xbf, 0x30, 0x2f, 0x70, 0x02, 0xf8, 0x00,
  0x00, 0x7f, 0x80, 0x01, 0xfa, 0x00, 0x5f, 0x60, 0x00, 0x2f, 0xc0, 0x00, 0x09, 0xf7, 0x5d, 0xe1,
  0x00, 0x0c, 0xf2, 0x00, 0x00, 0x1a, 0xff, 0xd3, 0x00, 0x00, 0x00, 0x00, 0x00, 0x00, 0x01, 0x10,
  0x00, 0x00, 0x00, 0x01, 0x21, 0x00, 0x00, 0x00, 0x00, 0x03, 0xbf, 0xff, 0xb2, 0x00, 0x00, 0x00,
  0x1e, 0xfd, 0xad, 0xfd, 0x00, 0x00, 0x00, 0x6f, 0xe1, 0x01, 0xef, 0x40, 0x00, 0x00, 0x7f, 0xd0,
  0x01, 0xef, 0x30, 0x00, 0x00, 0x3f, 0xf6, 0x2b, 0xfc, 0x00, 0x00, 0x00, 0x08, 0xff, 0xff, 0xc2,
  0x00, 0x00, 0x00, 0x07, 0xff, 0xfd, 0x00, 0x00, 0x00, 0x01, 0xbf, 0xff, 0xff, 0x70, 0x0b, 0x81,
  0x09, 0xfe, 0x30, 0x9f, 0xf7, 0x3f, 0xf1, 0x1f, 0xf6, 0x00, 0x08, 0xff, 0xff, 0xa0, 0x2f, 0xf5,
  0x00, 0x00, 0x7f, 0xff, 0x30, 0x0e, 0xfc, 0x20, 0x01, 0x7f, 0xff, 0x90, 0x06, 0xff, 0xfe, 0xdf,
  0xff, 0xff, 0xf7, 0x00, 0x4c, 0xff, 0xff, 0xb4, 0x06, 0xd1, 0x00, 0x00, 0x13, 0x20, 0x00, 0x00,
  0x10, 0x0d, 0xf4, 0x0d, 0xf3, 0x0c, 0xf3, 0x0c, 0xf2, 0x0b, 0xf2, 0x06, 0x81, 0x00, 0x00, 0x00,
  0x00, 0x00, 0x00, 0x00, 0x00, 0x00, 0x00, 0x00, 0x00, 0x00, 0x00, 0x00, 0x00, 0x00, 0x01, 0xcd,
  0x40, 0x00, 0x9f, 0xd0, 0x00, 0x1f, 0xf6, 0x00, 0x06, 0xff, 0x10, 0x00, 0xbf, 0xb0, 0x00, 0x0e,
  0xf8, 0x00, 0x01, 0xff, 0x60, 0x00, 0x3f, 0xf4, 0x00, 0x04, 0xff, 0x30, 0x00, 0x4f, 0xf2, 0x00,
  0x04, 0xff, 0x30, 0x00, 0x3f, 0xf4, 0x00, 0x01, 0xff, 0x50, 0x00, 0x0e, 0xf8, 0x00, 0x00, 0xbf,
  0xb0, 0x00, 0x06, 0xff, 0x10, 0x00, 0x1f, 0xf6, 0x00, 0x00, 0x9f, 0xd0, 0x00, 0x02, 0xdd, 0x40,
  0x5d, 0xc1, 0x00, 0x00, 0xdf, 0x80, 0x00, 0x07, 0xfe, 0x10, 0x00, 0x2f, 0xf5, 0x00, 0x00, 0xcf,
  0xa0, 0x00, 0x09, 0xfd, 0x00, 0x00, 0x6f, 0xf1, 0x00, 0x05, 0xff, 0x20, 0x00, 0x4f, 0xf3, 0x00,
  0x03, 0xff, 0x40, 0x00, 0x4f, 0xf3, 0x00, 0x05, 0xff, 0x20, 0x00, 0x6f, 0xf1, 0x00, 0x09, 0xfd,
  0x00, 0x00, 0xcf, 0xa0, 0x00, 0x2f, 0xf5, 0x00, 0x07, 0xfe, 0x10, 0x00, 0xdf, 0x80, 0x00, 0x5d,
  0xd1, 0x00, 0x00, 0x00, 0x08, 0xc0, 0x00, 0x16, 0x09, 0xe0, 0x34, 0x7f, 0xcc, 0xf9, 0xfc, 0x06,
  0xef, 0xff, 0x91, 0x06, 0xef, 0xff, 0x81, 0x7f, 0xcc, 0xf9, 0xfc, 0x16, 0x09, 0xe0, 0x33, 0x00,
  0x08, 0xc0, 0x00, 0x00, 0x00, 0x00, 0x00, 0x00, 0x00, 0x00, 0x00, 0x00, 0x00, 0x00, 0x00, 0x00,
  0x00, 0x00, 0x00, 0x00, 0x00, 0x00, 0x00, 0x00, 0x00, 0x00, 0x00, 0x00, 0x00, 0x00, 0x00, 0x00,
  0x00, 0x18, 0x70, 0x00, 0x00, 0x00, 0x00, 0x3f, 0xf0, 0x00, 0x00, 0x00, 0x00, 0x3f, 0xf0, 0x00,
  0x00, 0x00, 0x00, 0x3f, 0xf0, 0x00, 0x00, 0x0b, 0xff, 0xff, 0xff, 0xff, 0x80, 0x0b, 0xff, 0xff,
  0xff, 0xff, 0x80, 0x00, 0x00, 0x3f, 0xf0, 0x00, 0x00, 0x00, 0x00, 0x3f, 0xf0, 0x00, 0x00, 0x00,
  0x00, 0x3f, 0xf0, 0x00, 0x00, 0x00, 0x00, 0x18, 0x70, 0x00, 0x00, 0x00, 0x00, 0x00, 0x00, 0x00,
  0x00, 0x00, 0x00, 0x00, 0x00, 0x00, 0x00, 0x00, 0x20, 0x00, 0xcf, 0xb0, 0x2f, 0xff, 0x10, 0xcf,
  0xd0, 0x05, 0xf8, 0x00, 0x9f, 0x20, 0x0d, 0xc0, 0x00, 0x00, 0x00, 0x08, 0x99, 0x99, 0x60, 0x0e,
  0xff, 0xff, 0x90, 0x07, 0x77, 0x77, 0x40, 0x00, 0x00, 0x00, 0x00, 0x00, 0x00, 0x00, 0x00, 0x00,
  0x00, 0x00, 0x00, 0x00, 0x00, 0x00, 0x00, 0x00, 0x20, 0x00, 0xcf, 0xb0, 0x2f, 0xff, 0x00, 0xbf,
  0xa0, 0x00, 0x10, 0x00, 0x00, 0x00, 0x00, 0x2d, 0xd1, 0x00, 0x00, 0x00, 0x7f, 0xb0, 0x00, 0x00,
  0x00, 0xdf, 0x60, 0x00, 0x00, 0x03, 0xff, 0x10, 0x00, 0x00, 0x08, 0xfb, 0x00, 0x00, 0x00, 0x0d,
  0xf5, 0x00, 0x00, 0x00, 0x4f, 0xe1, 0x00, 0x00, 0x00, 0x9f, 0xa0, 0x00, 0x00, 0x00, 0xef, 0x50,
  0x00, 0x00, 0x04, 0xfe, 0x00, 0x00, 0x00, 0x0a, 0xf9, 0x00, 0x00, 0x00, 0x1e, 0xf4, 0x00, 0x00,
  0x00, 0x5f, 0xe0, 0x00, 0x00, 0x00, 0xaf, 0x80, 0x00, 0x00, 0x01, 0xff, 0x30, 0x00, 0x00, 0x06,
  0xfd, 0x00, 0x00, 0x00, 0x0b, 0xf8, 0x00, 0x00, 0x00, 0x1f, 0xf2, 0x00, 0x00, 0x00, 0x7f, 0xc0,
  0x00, 0x00, 0x00, 0x00, 0x00, 0x01, 0x21, 0x00, 0x00, 0x00, 0x00, 0x3b, 0xff, 0xfd, 0x70, 0x00,
  0x00, 0x4e, 0xff, 0xff, 0xff, 0xa0, 0x00, 0x1e, 0xfe, 0x62, 0x3b, 0xff, 0x60, 0x07, 0xff, 0x40,
  0x00, 0x0c, 0xfe, 0x00, 0xcf, 0xc0, 0x00, 0x00, 0x6f, 0xf4, 0x0f, 0xf9, 0x00, 0x00, 0x02, 0xff,
  0x71, 0xff, 0x80, 0x00, 0x00, 0x1f, 0xf8, 0x1f, 0xf8, 0x00, 0x00, 0x01, 0xff, 0x80, 0xff, 0x90,
  0x00, 0x00, 0x2f, 0xf7, 0x0c, 0xfc, 0x00, 0x00, 0x06, 0xff, 0x40, 0x7f, 0xf4, 0x00, 0x00, 0xcf,
  0xe0, 0x01, 0xef, 0xe6, 0x23, 0xbf, 0xf6, 0x00, 0x04, 0xef, 0xff, 0xff, 0xfa, 0x00, 0x00, 0x03,
  0xbf, 0xff, 0xd7, 0x00, 0x00, 0x00, 0x00, 0x12, 0x20, 0x00, 0x00, 0xdf, 0xff, 0xfb, 0x00, 0xdf,
  0xff, 0xfb, 0x00, 0x23, 0x3f, 0xfb, 0x00, 0x00, 0x0d, 0xfb, 0x00, 0x00, 0x0d, 0xfb, 0x00, 0x00,
  0x0d, 0xfb, 0x00, 0x00, 0x0d, 0xfb, 0x00, 0x00, 0x0d, 0xfb, 0x00, 0x00, 0x0d, 0xfb, 0x00, 0x00,
  0x0d, 0xfb, 0x00, 0x00, 0x0d, 0xfb, 0x00, 0x00, 0x0d, 0xfb, 0x00, 0x00, 0x0d, 0xfb, 0x00, 0x00,
  0x0d, 0xfb, 0x00, 0x00, 0x00, 0x23, 0x20, 0x00, 0x00, 0x02, 0x9e, 0xff, 0xfd, 0x70, 0x00, 0x4e,
  0xff, 0xff, 0xff, 0xfa, 0x00, 0x6f, 0xe6, 0x21, 0x4d, 0xff, 0x30, 0x03, 0x20, 0x00, 0x04, 0xff,
  0x70, 0x00, 0x00, 0x00, 0x03, 0xff, 0x60, 0x00, 0x00, 0x00, 0x08, 0xff, 0x30, 0x00, 0x00, 0x00,
  0x4f, 0xfa, 0x00, 0x00, 0x00, 0x05, 0xff, 0xc1, 0x00, 0x00, 0x00, 0x5f, 0xfc, 0x10, 0x00, 0x00,
  0x06, 0xff, 0xc1, 0x00, 0x00, 0x00, 0x7f, 0xfb, 0x10, 0x00, 0x00, 0x07, 0xff, 0xd3, 0x33, 0x33,
  0x30, 0x4f, 0xff, 0xff, 0xff, 0xff, 0xf0, 0x4f, 0xff, 0xff, 0xff, 0xff, 0xf0, 0x4f, 0xff, 0xff,
  0xff, 0xff, 0x40, 0x4f, 0xff, 0xff, 0xff, 0xff, 0x30, 0x13, 0x33, 0x33, 0x6f, 0xf9, 0x00, 0x00,
  0x00, 0x02, 0xef, 0xb0, 0x00, 0x00, 0x00, 0x1d, 0xfd, 0x10, 0x00, 0x00, 0x00, 0xbf, 0xf4, 0x00,
  0x00, 0x00, 0x02, 0xff, 0xff, 0xb3, 0x00, 0x00, 0x01, 0xbc, 0xef, 0xfe, 0x20, 0x00, 0x00, 0x00,
  0x06, 0xff, 0x90, 0x00, 0x00, 0x00, 0x00, 0xdf, 0xc0, 0x03, 0x00, 0x00, 0x01, 0xef, 0xb0, 0x6f,
  0xa5, 0x21, 0x4b, 0xff, 0x60, 0xbf, 0xff, 0xff, 0xff, 0xfb, 0x00, 0x16, 0xcf, 0xff, 0xfd, 0x70,
  0x00, 0x00, 0x01, 0x23, 0x10, 0x00, 0x00, 0x00, 0x00, 0x00, 0x0c, 0xfd, 0x10, 0x00, 0x00, 0x00,
  0x00, 0x9f, 0xf4, 0x00, 0x00, 0x00, 0x00, 0x05, 0xff, 0x70, 0x00, 0x00, 0x00, 0x00, 0x2e, 0xfb,
  0x00, 0x00, 0x00, 0x00, 0x01, 0xcf, 0xd1, 0x00, 0x00, 0x00, 0x00, 0x09, 0xff, 0x30, 0x23, 0x30,
  0x00, 0x00, 0x6f, 0xf7, 0x00, 0x8f, 0xd0, 0x00, 0x03, 0xff, 0xb0, 0x00, 0x8f, 0xd0, 0x00, 0x1d,
  0xff, 0x76, 0x66, 0xef, 0xf6, 0x62, 0x5f, 0xff, 0xff, 0xff, 0xff, 0xff, 0xf5, 0x4c, 0xcc, 0xcc,
  0xcc, 0xff, 0xfc, 0xc4, 0x00, 0x00, 0x00, 0x00, 0xaf, 0xd0, 0x00, 0x00, 0x00, 0x00, 0x00, 0xaf,
  0xd0, 0x00, 0x00, 0x00, 0x00, 0x00, 0xaf, 0xd0, 0x00, 0x00, 0xff, 0xff, 0xff, 0xff, 0x40, 0x02,
  0xff, 0xff, 0xff, 0xff, 0x40, 0x03, 0xff, 0x63, 0x33, 0x33, 0x10, 0x05, 0xff, 0x10, 0x00, 0x00,
  0x00, 0x06, 0xff, 0x00, 0x00, 0x00, 0x00, 0x07, 0xff, 0x99, 0x75, 0x10, 0x00, 0x09, 0xff, 0xff,
  0xff, 0xf7, 0x00, 0x06, 0x99, 0x9a, 0xcf, 0xff, 0x60, 0x00, 0x00, 0x00, 0x03, 0xef, 0xd0, 0x00,
  0x00, 0x00, 0x00, 0x9f, 0xf0, 0x03, 0x00, 0x00, 0x00, 0xbf, 0xe0, 0x2f, 0xb5, 0x21, 0x39, 0xff,
  0xa0, 0x8f, 0xff, 0xff, 0xff, 0xfd, 0x20, 0x05, 0xbe, 0xff, 0xfe, 0x91, 0x00, 0x00, 0x00, 0x23,
  0x20, 0x00, 0x00, 0x00, 0x00, 0x00, 0x12, 0x20, 0x00, 0x00, 0x00, 0x07, 0xdf, 0xff, 0xfb, 0x20,
  0x00, 0x2c, 0xff, 0xff, 0xff, 0xe1, 0x00, 0x0b, 0xff, 0x92, 0x01, 0x46, 0x00, 0x05, 0xff, 0x60,
  0x00, 0x00, 0x00, 0x00, 0xbf, 0xd0, 0x00, 0x00, 0x00, 0x00, 0x0e, 0xf9, 0x16, 0x99, 0x73, 0x00,
  0x01, 0xff, 0xbe, 0xff, 0xff, 0xf8, 0x00, 0x1f, 0xff, 0xfa, 0x78, 0xdf, 0xf7, 0x00, 0xff, 0xf5,
  0x00, 0x01, 0xdf, 0xd0, 0x0d, 0xfe, 0x00, 0x00, 0x08, 0xff, 0x00, 0x9f, 0xf1, 0x00, 0x00, 0x9f,
  0xe0, 0x02, 0xff, 0xb1, 0x00, 0x5f, 0xfa, 0x00, 0x06, 0xff, 0xfd, 0xef, 0xfd, 0x20, 0x00, 0x04,
  0xbf, 0xff, 0xe9, 0x10, 0x00, 0x00, 0x00, 0x12, 0x20, 0x00, 0x00, 0x7f, 0xff, 0xff, 0xff, 0xff,
  0xf7, 0x7f, 0xff, 0xff, 0xff, 0xff, 0xf6, 0x7f, 0xf3, 0x33, 0x33, 0xdf, 0xf2, 0x7f, 0xf0, 0x00,
  0x02, 0xff, 0xa0, 0x49, 0x90, 0x00, 0x08, 0xff, 0x30, 0x00, 0x00, 0x00, 0x1e, 0xfc, 0x00, 0x00,
  0x00, 0x00, 0x6f, 0xf5, 0x00, 0x00, 0x00, 0x00, 0xdf, 0xd0, 0x00, 0x00, 0x00, 0x05, 0xff, 0x70,
  0x00, 0x00, 0x00, 0x0c, 0xfe, 0x10, 0x00, 0x00, 0x00, 0x3f, 0xf8, 0x00, 0x00, 0x00, 0x00, 0xaf,
  0xf2, 0x00, 0x00, 0x00, 0x02, 0xff, 0xa0, 0x00, 0x00, 0x00, 0x08, 0xff, 0x30, 0x00, 0x00, 0x00,
  0x00, 0x02, 0x32, 0x00, 0x00, 0x00, 0x01, 0x8e, 0xff, 0xfe, 0x91, 0x00, 0x01, 0xcf, 0xfe, 0xde,
  0xff, 0xd1, 0x00, 0x7f, 0xf8, 0x00, 0x07, 0xff, 0x70, 0x0a, 0xfe, 0x00, 0x00, 0x0e, 0xfa, 0x00,
  0x9f, 0xf1, 0x00, 0x01, 0xef, 0x90, 0x03, 0xff, 0xc5, 0x45, 0xcf, 0xf3, 0x00, 0x05, 0xff, 0xff,
  0xff, 0xf5, 0x00, 0x03, 0xef, 0xff, 0xff, 0xff, 0xe4, 0x00, 0xdf, 0xe3, 0x00, 0x02, 0xdf, 0xd0,
  0x2f, 0xf7, 0x00, 0x00, 0x07, 0xff, 0x22, 0xff, 0x80, 0x00, 0x00, 0x8f, 0xf2, 0x0d, 0xfe, 0x50,
  0x00, 0x5e, 0xfd, 0x00, 0x4e, 0xff, 0xed, 0xef, 0xfe, 0x40, 0x00, 0x2a, 0xef, 0xff, 0xea, 0x20,
  0x00, 0x00, 0x00, 0x23, 0x20, 0x00, 0x00, 0x00, 0x00, 0x13, 0x10, 0x00, 0x00, 0x00, 0x05, 0xcf,
  0xff, 0xe8, 0x10, 0x00, 0x07, 0xff, 0xfd, 0xef, 0xfc, 0x10, 0x02, 0xff, 0xc2, 0x00, 0x5e, 0xfa,
  0x00, 0x6f, 0xf2, 0x00, 0x00, 0x8f, 0xf2, 0x07, 0xff, 0x10, 0x00, 0x06, 0xff, 0x60, 0x5f, 0xf6,
  0x00, 0x00, 0xdf, 0xf8, 0x00, 0xdf, 0xfa, 0x77, 0xdf, 0xff, 0xa0, 0x02, 0xdf, 0xff, 0xff, 0xaf,
  0xf9, 0x00, 0x00, 0x58, 0x98, 0x41, 0xff, 0x70, 0x00, 0x00, 0x00, 0x00, 0x5f, 0xf4, 0x00, 0x00,
  0x00, 0x00, 0x1d, 0xfd, 0x00, 0x01, 0x72, 0x01, 0x5d, 0xff, 0x50, 0x00, 0x7f, 0xff, 0xff, 0xff,
  0x70, 0x00, 0x06, 0xdf, 0xff, 0xfa, 0x30, 0x00, 0x00, 0x00, 0x12, 0x20, 0x00, 0x00, 0x00, 0x00,
  0x20, 0x00, 0xcf, 0xb0, 0x2f, 0xff, 0x00, 0xbf, 0xa0, 0x00, 0x10, 0x00, 0x00, 0x00, 0x00, 0x00,
  0x00, 0x00, 0x00, 0x00, 0x20, 0x00, 0xcf, 0xb0, 0x2f, 0xff, 0x00, 0xbf, 0xa0, 0x00, 0x10, 0x00,
  0x00, 0x20, 0x00, 0xcf, 0xb0, 0x2f, 0xff, 0x00, 0xbf, 0xa0, 0x00, 0x10, 0x00, 0x00, 0x00, 0x00,
  0x00, 0x00, 0x00, 0x00, 0x00, 0x20, 0x00, 0xcf, 0xb0, 0x2f, 0xff, 0x10, 0xcf, 0xd0, 0x05, 0xf8,
  0x00, 0x9f, 0x20, 0x0d, 0xc0, 0x00, 0x00, 0x00, 0x00, 0x00, 0x00, 0x00, 0x04, 0x40, 0x00, 0x00,
  0x00, 0x27, 0xdf, 0x80, 0x00, 0x00, 0x5b, 0xff, 0xfc, 0x40, 0x02, 0x8e, 0xff, 0xe8, 0x30, 0x00,
  0x0b, 0xff, 0xa5, 0x00, 0x00, 0x00, 0x0b, 0xff, 0xa4, 0x00, 0x00, 0x00, 0x02, 0x8e, 0xff, 0xe8,
  0x30, 0x00, 0x00, 0x00, 0x5b, 0xff, 0xfc, 0x40, 0x00, 0x00, 0x00, 0x27, 0xdf, 0x80, 0x00, 0x00,
  0x00, 0x00, 0x04, 0x40, 0x00, 0x00, 0x00, 0x00, 0x00, 0x00, 0x00, 0x00, 0x00, 0x00, 0x00, 0x00,
  0x04, 0x66, 0x66, 0x66, 0x66, 0x30, 0x0b, 0xff, 0xff, 0xff, 0xff, 0x80, 0x06, 0x99, 0x99, 0x99,
  0x99, 0x40, 0x00, 0x00, 0x00, 0x00, 0x00, 0x00, 0x00, 0x00, 0x00, 0x00, 0x00, 0x00, 0x06, 0x99,
  0x99, 0x99, 0x99, 0x40, 0x0b, 0xff, 0xff, 0xff, 0xff, 0x80, 0x04, 0x66, 0x66, 0x66, 0x66, 0x30,
  0x00, 0x00, 0x00, 0x00, 0x00, 0x00, 0x00, 0x00, 0x00, 0x00, 0x00, 0x00, 0x00, 0x00, 0x00, 0x00,
  0x00, 0x00, 0x05, 0x30, 0x00, 0x00, 0x00, 0x00, 0x0b, 0xfc, 0x61, 0x00, 0x00, 0x00, 0x06, 0xdf,
  0xfe, 0xa4, 0x00, 0x00, 0x00, 0x04, 0x9e, 0xff, 0xd7, 0x10, 0x00, 0x00, 0x01, 0x6b, 0xff, 0x80,
  0x00, 0x00, 0x01, 0x6b, 0xff, 0x80, 0x00, 0x04, 0x9e, 0xff, 0xd7, 0x10, 0x06, 0xdf, 0xfe, 0xa4,
  0x00, 0x00, 0x0b, 0xfc, 0x61, 0x00, 0x00, 0x00, 0x05, 0x30, 0x00, 0x00, 0x00, 0x00, 0x00, 0x00,
  0x00, 0x00, 0x00, 0x00, 0x00, 0x00, 0x00, 0x00, 0x00, 0x00, 0x00, 0x00, 0x23, 0x20, 0x00, 0x00,
  0x02, 0x9e, 0xff, 0xfe, 0x81, 0x00, 0x4e, 0xff, 0xff, 0xff, 0xfb, 0x00, 0x7f, 0xd5, 0x10, 0x3d,
  0xff, 0x30, 0x03, 0x20, 0x00, 0x05, 0xff, 0x50, 0x00, 0x00, 0x00, 0x06, 0xff, 0x30, 0x00, 0x00,
  0x00, 0x3e, 0xfb, 0x00, 0x00, 0x00, 0x03, 0xef, 0xc1, 0x00, 0x00, 0x00, 0x1e, 0xfc, 0x10, 0x00,
  0x00, 0x00, 0x6f, 0xf3, 0x00, 0x00, 0x00, 0x00, 0x35, 0x50, 0x00, 0x00, 0x00, 0x00, 0x00, 0x00,
  0x00, 0x00, 0x00, 0x00, 0x5e, 0xb0, 0x00, 0x00, 0x00, 0x00, 0xcf, 0xf4, 0x00, 0x00, 0x00, 0x00,
  0x7f, 0xd1, 0x00, 0x00, 0x00, 0x00, 0x01, 0x00, 0x00, 0x00, 0x00, 0x00, 0x00, 0x00, 0x01, 0x21,
  0x00, 0x00, 0x00, 0x00, 0x00, 0x00, 0x00, 0x17, 0xbf, 0xff, 0xfe, 0xb6, 0x00, 0x00, 0x00, 0x00,
  0x00, 0x6e, 0xfe, 0xa8, 0x78, 0xae, 0xfd, 0x40, 0x00, 0x00, 0x00, 0x8f, 0xe6, 0x00, 0x00, 0x00,
  0x06, 0xef, 0x60, 0x00, 0x00, 0x6f, 0xd2, 0x00, 0x00, 0x00, 0x00, 0x02, 0xdf, 0x40, 0x00, 0x1e,
  0xe2, 0x00, 0x6c, 0xfe, 0xb3, 0xbe, 0x62, 0xfc, 0x00, 0x08, 0xf7, 0x00, 0xaf, 0xff, 0xef, 0xff,
  0xf6, 0x08, 0xf4, 0x00, 0xcf, 0x20, 0x5f, 0xf7, 0x10, 0x3c, 0xff, 0x60, 0x3f, 0x80, 0x0f, 0xd0,
  0x0b, 0xfa, 0x00, 0x00, 0x2f, 0xf6, 0x00, 0xfb, 0x01, 0xfb, 0x00, 0xef, 0x50, 0x00, 0x00, 0xff,
  0x60, 0x0d, 0xc0, 0x1f, 0xc0, 0x0e, 0xf5, 0x00, 0x00, 0x0f, 0xf6, 0x00, 0xeb, 0x00, 0xfd, 0x00,
  0xbf, 0x90, 0x00, 0x01, 0xff, 0x60, 0x1f, 0x90, 0x0c, 0xf2, 0x06, 0xff, 0x60, 0x02, 0xbf, 0xf8,
  0x07, 0xf5, 0x00, 0x7f, 0x80, 0x0b, 0xff, 0xed, 0xff, 0xbf, 0xfc, 0xfc, 0x00, 0x01, 0xee, 0x30,
  0x08, 0xef, 0xfc, 0x41, 0xaf, 0xfb, 0x20, 0x00, 0x05, 0xfd, 0x20, 0x00, 0x11, 0x00, 0x00, 0x11,
  0x00, 0x00, 0x00, 0x07, 0xfe, 0x71, 0x00, 0x00, 0x03, 0x20, 0x00, 0x00, 0x00, 0x00, 0x04, 0xdf,
  0xfc, 0xa9, 0xad, 0xf8, 0x00, 0x00, 0x00, 0x00, 0x00, 0x00, 0x6a, 0xef, 0xfe, 0xd9, 0x30, 0x00,
  0x00, 0x00, 0x00, 0x00, 0x00, 0x00, 0x01, 0x00, 0x00, 0x00, 0x00, 0x00, 0x00, 0x00, 0x00, 0x1e,
  0xfe, 0x10, 0x00, 0x00, 0x00, 0x00, 0x00, 0x07, 0xff, 0xf7, 0x00, 0x00, 0x00, 0x00, 0x00, 0x00,
  0xef, 0xff, 0xd0, 0x00, 0x00, 0x00, 0x00, 0x00, 0x6f, 0xf4, 0xff, 0x50, 0x00, 0x00, 0x00, 0x00,
  0x0c, 0xfa, 0x0b, 0xfc, 0x00, 0x00, 0x00, 0x00, 0x04, 0xff, 0x30, 0x5f, 0xf4, 0x00, 0x00, 0x00,
  0x00, 0xbf, 0xc0, 0x00, 0xdf, 0xa0, 0x00, 0x00, 0x00, 0x3f, 0xf5, 0x00, 0x07, 0xff, 0x20, 0x00,
  0x00, 0x09, 0xff, 0x54, 0x44, 0x5f, 0xf9, 0x00, 0x00, 0x01, 0xff, 0xff, 0xff, 0xff, 0xff, 0xe1,
  0x00, 0x00, 0x8f, 0xfd, 0xcc, 0xcc, 0xce, 0xff, 0x70, 0x00, 0x1e, 0xfa, 0x00, 0x00, 0x00, 0x0b,
  0xfe, 0x00, 0x06, 0xff, 0x30, 0x00, 0x00, 0x00, 0x5f, 0xf6, 0x00, 0xdf, 0xc0, 0x00, 0x00, 0x00,
  0x00, 0xdf, 0xd0, 0x02, 0xff, 0xff, 0xff, 0xfe, 0xc7, 0x00, 0x00, 0x2f, 0xff, 0xff, 0xff, 0xff,
  0xfb, 0x00, 0x02, 0xff, 0x71, 0x11, 0x14, 0xcf, 0xf6, 0x00, 0x2f, 0xf7, 0x00, 0x00, 0x02, 0xff,
  0x80, 0x02, 0xff, 0x70, 0x00, 0x00, 0x2f, 0xf7, 0x00, 0x2f, 0xf8, 0x11, 0x12, 0x4c, 0xfe, 0x20,
  0x02, 0xff, 0xff, 0xff, 0xff, 0xff, 0x40, 0x00, 0x2f, 0xff, 0xee, 0xee, 0xff, 0xfd, 0x30, 0x02,
  0xff, 0x70, 0x00, 0x00, 0x4d, 0xfd, 0x00, 0x2f, 0xf7, 0x00, 0x00, 0x00, 0x6f, 0xf3, 0x02, 0xff,
  0x70, 0x00, 0x00, 0x07, 0xff, 0x40, 0x2f, 0xf7, 0x11, 0x11, 0x25, 0xef, 0xf1, 0x02, 0xff, 0xff,
  0xff, 0xff, 0xff, 0xf6, 0x00, 0x2f, 0xff, 0xff, 0xff, 0xfd, 0xa4, 0x00, 0x00, 0x00, 0x00, 0x02,
  0x31, 0x00, 0x00, 0x00, 0x00, 0x3a, 0xef, 0xff, 0xe9, 0x20, 0x00, 0x08, 0xff, 0xff, 0xff, 0xff,
  0xe4, 0x00, 0x8f, 0xfe, 0x73, 0x23, 0x8e, 0xf8, 0x03, 0xff, 0xc1, 0x00, 0x00, 0x02, 0x60, 0x0a,
  0xff, 0x20, 0x00, 0x00, 0x00, 0x00, 0x0e, 0xfb, 0x00, 0x00, 0x00, 0x00, 0x00, 0x1f, 0xf8, 0x00,
  0x00, 0x00, 0x00, 0x00, 0x1f, 0xf8, 0x00, 0x00, 0x00, 0x00, 0x00, 0x0e, 0xfb, 0x00, 0x00, 0x00,
  0x00, 0x00, 0x0a, 0xff, 0x20, 0x00, 0x00, 0x00, 0x00, 0x03, 0xff, 0xc1, 0x00, 0x00, 0x02, 0x70,
  0x00, 0x9f, 0xfe, 0x73, 0x13, 0x8e, 0xf8, 0x00, 0x08, 0xff, 0xff, 0xff, 0xff, 0xe4, 0x00, 0x00,
  0x3a, 0xef, 0xff, 0xe9, 0x10, 0x00, 0x00, 0x00, 0x02, 0x32, 0x00, 0x00, 0x02, 0xff, 0xff, 0xff,
  0xed, 0xa4, 0x00, 0x00, 0x00, 0x2f, 0xff, 0xff, 0xff, 0xff, 0xfc, 0x20, 0x00, 0x02, 0xff, 0x93,
  0x33, 0x46, 0xcf, 0xfd, 0x10, 0x00, 0x2f, 0xf7, 0x00, 0x00, 0x00, 0x7f, 0xfb, 0x00, 0x02, 0xff,
  0x70, 0x00, 0x00, 0x00, 0xaf, 0xf3, 0x00, 0x2f, 0xf7, 0x00, 0x00, 0x00, 0x03, 0xff, 0x70, 0x02,
  0xff, 0x70, 0x00, 0x00, 0x00, 0x0f, 0xf9, 0x00, 0x2f, 0xf7, 0x00, 0x00, 0x00, 0x00, 0xff, 0x90,
  0x02, 0xff, 0x70, 0x00, 0x00, 0x00, 0x3f, 0xf7, 0x00, 0x2f, 0xf7, 0x00, 0x00, 0x00, 0x0a, 0xff,
  0x30, 0x02, 0xff, 0x70, 0x00, 0x00, 0x07, 0xff, 0xb0, 0x00, 0x2f, 0xf9, 0x33, 0x34, 0x6c, 0xff,
  0xd2, 0x00, 0x02, 0xff, 0xff, 0xff, 0xff, 0xff, 0xc2, 0x00, 0x00, 0x2f, 0xff, 0xff, 0xfe, 0xda,
  0x50, 0x00, 0x00, 0x02, 0xff, 0xff, 0xff, 0xff, 0xff, 0x20, 0x2f, 0xff, 0xff, 0xff, 0xff, 0xf2,
  0x02, 0xff, 0x93, 0x33, 0x33, 0x33, 0x00, 0x2f, 0xf7, 0x00, 0x00, 0x00, 0x00, 0x02, 0xff, 0x70,
  0x00, 0x00, 0x00, 0x00, 0x2f, 0xf9, 0x33, 0x33, 0x33, 0x10, 0x02, 0xff, 0xff, 0xff, 0xff, 0xf4,
  0x00, 0x2f, 0xff, 0xee, 0xee, 0xee, 0x40, 0x02, 0xff, 0x70, 0x00, 0x00, 0x00, 0x00, 0x2f, 0xf7,
  0x00, 0x00, 0x00, 0x00, 0x02, 0xff, 0x70, 0x00, 0x00, 0x00, 0x00, 0x2f, 0xf9, 0x33, 0x33, 0x33,
  0x31, 0x02, 0xff, 0xff, 0xff, 0xff, 0xff, 0x60, 0x2f, 0xff, 0xff, 0xff, 0xff, 0xf6, 0x02, 0xff,
  0xff, 0xff, 0xff, 0xff, 0x20, 0x2f, 0xff, 0xff, 0xff, 0xff, 0xf2, 0x02, 0xff, 0x93, 0x33, 0x33,
  0x33, 0x00, 0x2f, 0xf7, 0x00, 0x00, 0x00, 0x00, 0x02, 0xff, 0x70, 0x00, 0x00, 0x00, 0x00, 0x2f,
  0xf7, 0x00, 0x00, 0x00, 0x00, 0x02, 0xff, 0xd8, 0x88, 0x88, 0x82, 0x00, 0x2f, 0xff, 0xff, 0xff,
  0xff, 0x40, 0x02, 0xff, 0xe9, 0x99, 0x99, 0x92, 0x00, 0x2f, 0xf7, 0x00, 0x00, 0x00, 0x00, 0x02,
  0xff, 0x70, 0x00, 0x00, 0x00, 0x00, 0x2f, 0xf7, 0x00, 0x00, 0x00, 0x00, 0x02, 0xff, 0x70, 0x00,
  0x00, 0x00, 0x00, 0x2f, 0xf7, 0x00, 0x00, 0x00, 0x00, 0x00, 0x00, 0x00, 0x02, 0x32, 0x00, 0x00,
  0x00, 0x00, 0x03, 0xae, 0xff, 0xfe, 0xa3, 0x00, 0x00, 0x08, 0xff, 0xff, 0xff, 0xff, 0xf7, 0x00,
  0x08, 0xff, 0xe7, 0x31, 0x36, 0xdf, 0xa0, 0x03, 0xff, 0xc1, 0x00, 0x00, 0x01, 0x70, 0x00, 0xaf,
  0xf2, 0x00, 0x00, 0x00, 0x00, 0x00, 0x0e, 0xfb, 0x00, 0x00, 0x00, 0x00, 0x00, 0x01, 0xff, 0x80,
  0x00, 0x00, 0x00, 0x12, 0x20, 0x1f, 0xf8, 0x00, 0x00, 0x00, 0x08, 0xfd, 0x00, 0xef, 0xb0, 0x00,
  0x00, 0x00, 0x8f, 0xd0, 0x0a, 0xff, 0x20, 0x00, 0x00, 0x08, 0xfd, 0x00, 0x3f, 0xfd, 0x20, 0x00,
  0x00, 0x9f, 0xd0, 0x00, 0x8f, 0xfe, 0x73, 0x12, 0x6f, 0xff, 0x00, 0x00, 0x8f, 0xff, 0xff, 0xff,
  0xff, 0xd0, 0x00, 0x00, 0x3a, 0xef, 0xff, 0xea, 0x40, 0x00, 0x00, 0x00, 0x00, 0x23, 0x20, 0x00,
  0x00, 0x02, 0xff, 0x70, 0x00, 0x00, 0x04, 0xff, 0x50, 0x02, 0xff, 0x70, 0x00, 0x00, 0x04, 0xff,
  0x50, 0x02, 0xff, 0x70, 0x00, 0x00, 0x04, 0xff, 0x50, 0x02, 0xff, 0x70, 0x00, 0x00, 0x04, 0xff,
  0x50, 0x02, 0xff, 0x70, 0x00, 0x00, 0x04, 0xff, 0x50, 0x02, 0xff, 0xa3, 0x33, 0x33, 0x37, 0xff,
  0x50, 0x02, 0xff, 0xff, 0xff, 0xff, 0xff, 0xff, 0x50, 0x02, 0xff, 0xff, 0xff, 0xff, 0xff, 0xff,
  0x50, 0x02, 0xff, 0x70, 0x00, 0x00, 0x04, 0xff, 0x50, 0x02, 0xff, 0x70, 0x00, 0x00, 0x04, 0xff,
  0x50, 0x02, 0xff, 0x70, 0x00, 0x00, 0x04, 0xff, 0x50, 0x02, 0xff, 0x70, 0x00, 0x00, 0x04, 0xff,
  0x50, 0x02, 0xff, 0x70, 0x00, 0x00, 0x04, 0xff, 0x50, 0x02, 0xff, 0x70, 0x00, 0x00, 0x04, 0xff,
  0x50, 0x02, 0xff, 0x70, 0x02, 0xff, 0x70, 0x02, 0xff, 0x70, 0x02, 0xff, 0x70, 0x02, 0xff, 0x70,
  0x02, 0xff, 0x70, 0x02, 0xff, 0x70, 0x02, 0xff, 0x70, 0x02, 0xff, 0x70, 0x02, 0xff, 0x70, 0x02,
  0xff, 0x70, 0x02, 0xff, 0x70, 0x02, 0xff, 0x70, 0x02, 0xff, 0x70, 0x00, 0xcf, 0xff, 0xff, 0xfc,
  0x00, 0x00, 0xcf, 0xff, 0xff, 0xfc, 0x00, 0x00, 0x23, 0x33, 0x3d, 0xfc, 0x00, 0x00, 0x00, 0x00,
  0x0c, 0xfc, 0x00, 0x00, 0x00, 0x00, 0x0c, 0xfc, 0x00, 0x00, 0x00, 0x00, 0x0c, 0xfc, 0x00, 0x00,
  0x00, 0x00, 0x0c, 0xfc, 0x00, 0x00, 0x00, 0x00, 0x0c, 0xfc, 0x00, 0x00, 0x00, 0x00, 0x0c, 0xfc,
  0x00, 0x00, 0x00, 0x00, 0x0d, 0xfb, 0x00, 0x01, 0x40, 0x00, 0x0e, 0xfa, 0x00, 0x0a, 0xf7, 0x11,
  0x9f, 0xf6, 0x00, 0x1d, 0xff, 0xff, 0xff, 0xd1, 0x00, 0x01, 0x9e, 0xff, 0xfb, 0x20, 0x00, 0x00,
  0x00, 0x23, 0x10, 0x00, 0x00, 0x02, 0xff, 0x70, 0x00, 0x00, 0x3e, 0xfc, 0x10, 0x2f, 0xf7, 0x00,
  0x00, 0x2e, 0xfc, 0x10, 0x02, 0xff, 0x70, 0x00, 0x2d, 0xfd, 0x10, 0x00, 0x2f, 0xf7, 0x00, 0x2d,
  0xfd, 0x20, 0x00, 0x02, 0xff, 0x70, 0x1d, 0xfe, 0x20, 0x00, 0x00, 0x2f, 0xf7, 0x1c, 0xff, 0x30,
  0x00, 0x00, 0x02, 0xff, 0x8c, 0xff, 0xd0, 0x00, 0x00, 0x00, 0x2f, 0xff, 0xff, 0xff, 0x60, 0x00,
  0x00, 0x02, 0xff, 0xff, 0x7d, 0xff, 0x40, 0x00, 0x00, 0x2f, 0xff, 0x60, 0x3e, 0xfe, 0x20, 0x00,
  0x02, 0xff, 0xb0, 0x00, 0x5f, 0xfc, 0x10, 0x00, 0x2f, 0xf7, 0x00, 0x00, 0x7f, 0xfa, 0x00, 0x02,
  0xff, 0x70, 0x00, 0x00, 0x9f, 0xf7, 0x00, 0x2f, 0xf7, 0x00, 0x00, 0x00, 0xbf, 0xf4, 0x02, 0xff,
  0x70, 0x00, 0x00, 0x00, 0x02, 0xff, 0x70, 0x00, 0x00, 0x00, 0x02, 0xff, 0x70, 0x00, 0x00, 0x00,
  0x02, 0xff, 0x70, 0x00, 0x00, 0x00, 0x02, 0xff, 0x70, 0x00, 0x00, 0x00, 0x02, 0xff, 0x70, 0x00,
  0x00, 0x00, 0x02, 0xff, 0x70, 0x00, 0x00, 0x00, 0x02, 0xff, 0x70, 0x00, 0x00, 0x00, 0x02, 0xff,
  0x70, 0x00, 0x00, 0x00, 0x02, 0xff, 0x70, 0x00, 0x00, 0x00, 0x02, 0xff, 0x70, 0x00, 0x00, 0x00,
  0x02, 0xff, 0x93, 0x33, 0x33, 0x32, 0x02, 0xff, 0xff, 0xff, 0xff, 0xfc, 0x02, 0xff, 0xff, 0xff,
  0xff, 0xfc, 0x02, 0xff, 0x50, 0x00, 0x00, 0x00, 0x00, 0x4f, 0xf3, 0x00, 0x2f, 0xfd, 0x10, 0x00,
  0x00, 0x00, 0x0c, 0xff, 0x30, 0x02, 0xff, 0xf8, 0x00, 0x00, 0x00, 0x06, 0xff, 0xf3, 0x00, 0x2f,
  0xff, 0xf2, 0x00, 0x00, 0x01, 0xef, 0xff, 0x30, 0x02, 0xff, 0xff, 0xb0, 0x00, 0x00, 0x9f, 0xff,
  0xf3, 0x00, 0x2f, 0xf9, 0xff, 0x50, 0x00, 0x3f, 0xf8, 0xff, 0x30, 0x02, 0xff, 0x5a, 0xfd, 0x10,
  0x0c, 0xfa, 0x4f, 0xf3, 0x00, 0x2f, 0xf5, 0x1e, 0xf8, 0x06, 0xfe, 0x24, 0xff, 0x30, 0x02, 0xff,
  0x50, 0x6f, 0xf3, 0xef, 0x70, 0x4f, 0xf3, 0x00, 0x2f, 0xf5, 0x00, 0xcf, 0xff, 0xd0, 0x04, 0xff,
  0x30, 0x02, 0xff, 0x50, 0x03, 0xff, 0xf4, 0x00, 0x4f, 0xf3, 0x00, 0x2f, 0xf5, 0x00, 0x09, 0xfa,
  0x00, 0x04, 0xff, 0x30, 0x02, 0xff, 0x50, 0x00, 0x16, 0x10, 0x00, 0x4f, 0xf3, 0x00, 0x2f, 0xf5,
  0x00, 0x00, 0x00, 0x00, 0x04, 0xff, 0x30, 0x02, 0xff, 0x70, 0x00, 0x00, 0x04, 0xff, 0x50, 0x02,
  0xff, 0xf4, 0x00, 0x00, 0x04, 0xff, 0x50, 0x02, 0xff, 0xfe, 0x20, 0x00, 0x04, 0xff, 0x50, 0x02,
  0xff, 0xff, 0xc1, 0x00, 0x04, 0xff, 0x50, 0x02, 0xff, 0xff, 0xfa, 0x00, 0x04, 0xff, 0x50, 0x02,
  0xff, 0x7b, 0xff, 0x80, 0x04, 0xff, 0x50, 0x02, 0xff, 0x71, 0xdf, 0xf5, 0x04, 0xff, 0x50, 0x02,
  0xff, 0x70, 0x2e, 0xfe, 0x34, 0xff, 0x50, 0x02, 0xff, 0x70, 0x05, 0xff, 0xd5, 0xff, 0x50, 0x02,
  0xff, 0x70, 0x00, 0x7f, 0xff, 0xff, 0x50, 0x02, 0xff, 0x70, 0x00, 0x0a, 0xff, 0xff, 0x50, 0x02,
  0xff, 0x70, 0x00, 0x01, 0xcf, 0xff, 0x50, 0x02, 0xff, 0x70, 0x00, 0x00, 0x2e, 0xff, 0x50, 0x02,
  0xff, 0x70, 0x00, 0x00, 0x04, 0xff, 0x50, 0x00, 0x00, 0x00, 0x02, 0x32, 0x00, 0x00, 0x00, 0x00,
  0x00, 0x03, 0xae, 0xff, 0xfe, 0x92, 0x00, 0x00, 0x00, 0x08, 0xff, 0xff, 0xff, 0xff, 0xf6, 0x00,
  0x00, 0x08, 0xff, 0xe7, 0x32, 0x38, 0xef, 0xf6, 0x00, 0x03, 0xff, 0xc1, 0x00, 0x00, 0x02, 0xef,
  0xe1, 0x00, 0xaf, 0xf2, 0x00, 0x00, 0x00, 0x05, 0xff, 0x80, 0x0e, 0xfb, 0x00, 0x00, 0x00, 0x00,
  0x0d, 0xfc, 0x01, 0xff, 0x80, 0x00, 0x00, 0x00, 0x00, 0xbf, 0xe0, 0x1f, 0xf8, 0x00, 0x00, 0x00,
  0x00, 0x0b, 0xfe, 0x00, 0xef, 0xb0, 0x00, 0x00, 0x00, 0x00, 0xdf, 0xc0, 0x0a, 0xff, 0x20, 0x00,
  0x00, 0x00, 0x5f, 0xf8, 0x00, 0x3f, 0xfc, 0x10, 0x00, 0x00, 0x2e, 0xfe, 0x10, 0x00, 0x8f, 0xfe,
  0x73, 0x13, 0x8e, 0xff, 0x60, 0x00, 0x00, 0x8f, 0xff, 0xff, 0xff, 0xff, 0x60, 0x00, 0x00, 0x00,
  0x3a, 0xef, 0xff, 0xe9, 0x20, 0x00, 0x00, 0x00, 0x00, 0x00, 0x23, 0x20, 0x00, 0x00, 0x00, 0x02,
  0xff, 0xff, 0xff, 0xec, 0x71, 0x00, 0x00, 0x2f, 0xff, 0xff, 0xff, 0xff, 0xe3, 0x00, 0x02, 0xff,
  0xa3, 0x33, 0x59, 0xff, 0xe0, 0x00, 0x2f, 0xf7, 0x00, 0x00, 0x07, 0xff, 0x50, 0x02, 0xff, 0x70,
  0x00, 0x00, 0x2f, 0xf8, 0x00, 0x2f, 0xf7, 0x00, 0x00, 0x02, 0xff, 0x80, 0x02, 0xff, 0x70, 0x00,
  0x00, 0x8f, 0xf5, 0x00, 0x2f, 0xfb, 0x44, 0x45, 0xaf, 0xfd, 0x00, 0x02, 0xff, 0xff, 0xff, 0xff,
  0xfd, 0x30, 0x00, 0x2f, 0xff, 0xee, 0xed, 0xb7, 0x10, 0x00, 0x02, 0xff, 0x70, 0x00, 0x00, 0x00,
  0x00, 0x00, 0x2f, 0xf7, 0x00, 0x00, 0x00, 0x00, 0x00, 0x02, 0xff, 0x70, 0x00, 0x00, 0x00, 0x00,
  0x00, 0x2f, 0xf7, 0x00, 0x00, 0x00, 0x00, 0x00, 0x00, 0x00, 0x00, 0x02, 0x32, 0x00, 0x00, 0x00,
  0x00, 0x00, 0x03, 0xae, 0xff, 0xfe, 0x92, 0x00, 0x00, 0x00, 0x08, 0xff, 0xff, 0xff, 0xff, 0xf6,
  0x00, 0x00, 0x08, 0xff, 0xe7, 0x32, 0x38, 0xef, 0xf6, 0x00, 0x03, 0xff, 0xc1, 0x00, 0x00, 0x02,
  0xef, 0xe1, 0x00, 0xaf, 0xf2, 0x00, 0x00, 0x00, 0x05, 0xff, 0x80, 0x0e, 0xfb, 0x00, 0x00, 0x00,
  0x00, 0x0d, 0xfc, 0x01, 0xff, 0x80, 0x00, 0x00, 0x00, 0x00, 0xbf, 0xe0, 0x1f, 0xf8, 0x00, 0x00,
  0x00, 0x00, 0x0b, 0xfe, 0x00, 0xef, 0xb0, 0x00, 0x00, 0x00, 0x00, 0xdf, 0xc0, 0x0a, 0xff, 0x20,
  0x00, 0x00, 0x00, 0x5f, 0xf8, 0x00, 0x3f, 0xfc, 0x10, 0x00, 0x00, 0x2e, 0xfe, 0x10, 0x00, 0x8f,
  0xfe, 0x73, 0x13, 0x8e, 0xff, 0x60, 0x00, 0x00, 0x8f, 0xff, 0xff, 0xff, 0xff, 0x60, 0x00, 0x00,
  0x00, 0x3a, 0xef, 0xff, 0xf9, 0x20, 0x00, 0x00, 0x00, 0x00, 0x00, 0x4f, 0xff, 0x71, 0x05, 0xc1,
  0x00, 0x00, 0x00, 0x00, 0x2c, 0xff, 0xff, 0xff, 0x60, 0x00, 0x00, 0x00, 0x00, 0x07, 0xdf, 0xfc,
  0x50, 0x00, 0x00, 0x00, 0x00, 0x00, 0x00, 0x00, 0x00, 0x00, 0x02, 0xff, 0xff, 0xff, 0xec, 0x81,
  0x00, 0x00, 0x2f, 0xff, 0xff, 0xff, 0xff, 0xe3, 0x00, 0x02, 0xff, 0xa3, 0x33, 0x59, 0xff, 0xe1,
  0x00, 0x2f, 0xf7, 0x00, 0x00, 0x07, 0xff, 0x60, 0x02, 0xff, 0x70, 0x00, 0x00, 0x2f, 0xf8, 0x00,
  0x2f, 0xf7, 0x00, 0x00, 0x02, 0xff, 0x80, 0x02, 0xff, 0x70, 0x00, 0x00, 0x8f, 0xf5, 0x00, 0x2f,
  0xfb, 0x44, 0x45, 0xaf, 0xfd, 0x00, 0x02, 0xff, 0xff, 0xff, 0xff, 0xfd, 0x20, 0x00, 0x2f, 0xff,
  0xee, 0xff, 0xff, 0x10, 0x00, 0x02, 0xff, 0x70, 0x00, 0x6f, 0xf6, 0x00, 0x00, 0x2f, 0xf7, 0x00,
  0x00, 0xbf, 0xe2, 0x00, 0x02, 0xff, 0x70, 0x00, 0x01, 0xef, 0xc0, 0x00, 0x2f, 0xf7, 0x00, 0x00,
  0x05, 0xff, 0x70, 0x00, 0x00, 0x02, 0x32, 0x00, 0x00, 0x00, 0x01, 0x9e, 0xff, 0xff, 0xb6, 0x00,
  0x02, 0xef, 0xff, 0xff, 0xff, 0xf2, 0x00, 0xaf, 0xf6, 0x10, 0x14, 0x9a, 0x00, 0x0e, 0xfa, 0x00,
  0x00, 0x00, 0x00, 0x00, 0xef, 0xc0, 0x00, 0x00, 0x00, 0x00, 0x0a, 0xff, 0xc6, 0x20, 0x00, 0x00,
  0x00, 0x1c, 0xff, 0xff, 0xe9, 0x40, 0x00, 0x00, 0x05, 0xbf, 0xff, 0xff, 0xb1, 0x00, 0x00, 0x00,
  0x04, 0x8e, 0xff, 0x80, 0x00, 0x00, 0x00, 0x00, 0x1d, 0xfc, 0x00, 0x31, 0x00, 0x00, 0x00, 0xbf,
  0xc0, 0x0d, 0xd7, 0x30, 0x01, 0x7f, 0xf8, 0x02, 0xef, 0xff, 0xff, 0xff, 0xfd, 0x10, 0x01, 0x8d,
  0xff, 0xff, 0xd8, 0x10, 0x00, 0x00, 0x01, 0x23, 0x10, 0x00, 0x00, 0xef, 0xff, 0xff, 0xff, 0xff,
  0xfe, 0xef, 0xff, 0xff, 0xff, 0xff, 0xfe, 0x33, 0x33, 0x6f, 0xf7, 0x33, 0x33, 0x00, 0x00, 0x4f,
  0xf5, 0x00, 0x00, 0x00, 0x00, 0x4f, 0xf5, 0x00, 0x00, 0x00, 0x00, 0x4f, 0xf5, 0x00, 0x00, 0x00,
  0x00, 0x4f, 0xf5, 0x00, 0x00, 0x00, 0x00, 0x4f, 0xf5, 0x00, 0x00, 0x00, 0x00, 0x4f, 0xf5, 0x00,
  0x00, 0x00, 0x00, 0x4f, 0xf5, 0x00, 0x00, 0x00, 0x00, 0x4f, 0xf5, 0x00, 0x00, 0x00, 0x00, 0x4f,
  0xf5, 0x00, 0x00, 0x00, 0x00, 0x4f, 0xf5, 0x00, 0x00, 0x00, 0x00, 0x4f, 0xf5, 0x00, 0x00, 0x04,
  0xff, 0x50, 0x00, 0x00, 0x08, 0xff, 0x00, 0x04, 0xff, 0x50, 0x00, 0x00, 0x08, 0xff, 0x00, 0x04,
  0xff, 0x50, 0x00, 0x00, 0x08, 0xff, 0x00, 0x04, 0xff, 0x50, 0x00, 0x00, 0x08, 0xff, 0x00, 0x04,
  0xff, 0x50, 0x00, 0x00, 0x08, 0xff, 0x00, 0x04, 0xff, 0x50, 0x00, 0x00, 0x08, 0xff, 0x00, 0x04,
  0xff, 0x50, 0x00, 0x00, 0x08, 0xff, 0x00, 0x03, 0xff, 0x50, 0x00, 0x00, 0x08, 0xff, 0x00, 0x03,
  0xff, 0x60, 0x00, 0x00, 0x09, 0xff, 0x00, 0x01, 0xff, 0x90, 0x00, 0x00, 0x0b, 0xfd, 0x00, 0x00,
  0xdf, 0xe1, 0x00, 0x00, 0x3f, 0xf9, 0x00, 0x00, 0x6f, 0xfd, 0x52, 0x36, 0xef, 0xf3, 0x00, 0x00,
  0x0a, 0xff, 0xff, 0xff, 0xff, 0x60, 0x00, 0x00, 0x00, 0x6d, 0xff, 0xff, 0xb4, 0x00, 0x00, 0x00,
  0x00, 0x00, 0x13, 0x21, 0x00, 0x00, 0x00, 0x0d, 0xfe, 0x00, 0x00, 0x00, 0x00, 0x2f, 0xf7, 0x07,
  0xff, 0x50, 0x00, 0x00, 0x00, 0x9f, 0xe1, 0x01, 0xef, 0xc0, 0x00, 0x00, 0x01, 0xef, 0x90, 0x00,
  0x9f, 0xf3, 0x00, 0x00, 0x07, 0xff, 0x20, 0x00, 0x2f, 0xfa, 0x00, 0x00, 0x0d, 0xfb, 0x00, 0x00,
  0x0a, 0xff, 0x20, 0x00, 0x5f, 0xf4, 0x00, 0x00, 0x04, 0xff, 0x80, 0x00, 0xbf, 0xd0, 0x00, 0x00,
  0x00, 0xcf, 0xe0, 0x03, 0xff, 0x60, 0x00, 0x00, 0x00, 0x6f, 0xf6, 0x0a, 0xfe, 0x10, 0x00, 0x00,
  0x00, 0x0e, 0xfc, 0x1f, 0xf8, 0x00, 0x00, 0x00, 0x00, 0x08, 0xff, 0xbf, 0xf2, 0x00, 0x00, 0x00,
  0x00, 0x01, 0xff, 0xff, 0xa0, 0x00, 0x00, 0x00, 0x00, 0x00, 0xaf, 0xff, 0x30, 0x00, 0x00, 0x00,
  0x00, 0x00, 0x3f, 0xfc, 0x00, 0x00, 0x00, 0x4f, 0xf6, 0x00, 0x00, 0x00, 0xcf, 0xe0, 0x00, 0x00,
  0x05, 0xff, 0x20, 0xef, 0xb0, 0x00, 0x00, 0x2f, 0xff, 0x40, 0x00, 0x00, 0xaf, 0xc0, 0x09, 0xff,
  0x10, 0x00, 0x08, 0xff, 0xf9, 0x00, 0x00, 0x0e, 0xf8, 0x00, 0x4f, 0xf6, 0x00, 0x00, 0xdf, 0xff,
  0xd0, 0x00, 0x05, 0xff, 0x30, 0x00, 0xef, 0xb0, 0x00, 0x3f, 0xf7, 0xff, 0x30, 0x00, 0xaf, 0xd0,
  0x00, 0x09, 0xff, 0x10, 0x08, 0xfd, 0x0e, 0xf8, 0x00, 0x0e, 0xf8, 0x00, 0x00, 0x5f, 0xf5, 0x00,
  0xdf, 0x80, 0x9f, 0xd0, 0x05, 0xff, 0x30, 0x00, 0x00, 0xef, 0xa0, 0x3f, 0xf3, 0x04, 0xff, 0x30,
  0xaf, 0xd0, 0x00, 0x00, 0x0a, 0xff, 0x18, 0xfd, 0x00, 0x0e, 0xf8, 0x0e, 0xf8, 0x00, 0x00, 0x00,
  0x5f, 0xf5, 0xdf, 0x70, 0x00, 0x9f, 0xd5, 0xff, 0x30, 0x00, 0x00, 0x00, 0xef, 0xef, 0xf2, 0x00,
  0x04, 0xff, 0xdf, 0xd0, 0x00, 0x00, 0x00, 0x0a, 0xff, 0xfc, 0x00, 0x00, 0x0d, 0xff, 0xf8, 0x00,
  0x00, 0x00, 0x00, 0x5f, 0xff, 0x70, 0x00, 0x00, 0x9f, 0xff, 0x30, 0x00, 0x00, 0x00, 0x00, 0xef,
  0xf2, 0x00, 0x00, 0x03, 0xff, 0xd0, 0x00, 0x00, 0x3f, 0xfb, 0x00, 0x00, 0x00, 0xcf, 0xe1, 0x07,
  0xff, 0x70, 0x00, 0x08, 0xff, 0x40, 0x00, 0xbf, 0xf3, 0x00, 0x4f, 0xf8, 0x00, 0x00, 0x2e, 0xfd,
  0x11, 0xdf, 0xc0, 0x00, 0x00, 0x05, 0xff, 0xaa, 0xfe, 0x20, 0x00, 0x00, 0x00, 0x9f, 0xff, 0xf5,
  0x00, 0x00, 0x00, 0x00, 0x1f, 0xff, 0xd0, 0x00, 0x00, 0x00, 0x00, 0x2f, 0xff, 0xe1, 0x00, 0x00,
  0x00, 0x00, 0xcf, 0xff, 0xfa, 0x00, 0x00, 0x00, 0x08, 0xff, 0x58, 0xff, 0x60, 0x00, 0x00, 0x4f,
  0xf9, 0x00, 0xcf, 0xf3, 0x00, 0x01, 0xef, 0xd1, 0x00, 0x2e, 0xfd, 0x10, 0x0b, 0xff, 0x30, 0x00,
  0x06, 0xff, 0x90, 0x7f, 0xf7, 0x00, 0x00, 0x00, 0xaf, 0xf5, 0x0d, 0xfd, 0x00, 0x00, 0x00, 0x07,
  0xff, 0x20, 0x4f, 0xf7, 0x00, 0x00, 0x02, 0xef, 0x70, 0x00, 0xaf, 0xf2, 0x00, 0x00, 0xaf, 0xd0,
  0x00, 0x02, 0xef, 0xb0, 0x00, 0x4f, 0xf4, 0x00, 0x00, 0x07, 0xff, 0x50, 0x0d, 0xfa, 0x00, 0x00,
  0x00, 0x0c, 0xfd, 0x18, 0xfe, 0x20, 0x00, 0x00, 0x00, 0x4f, 0xfa, 0xff, 0x70, 0x00, 0x00, 0x00,
  0x00, 0xaf, 0xff, 0xd0, 0x00, 0x00, 0x00, 0x00, 0x01, 0xff, 0xf4, 0x00, 0x00, 0x00, 0x00, 0x00,
  0x0c, 0xff, 0x00, 0x00, 0x00, 0x00, 0x00, 0x00, 0xaf, 0xe0, 0x00, 0x00, 0x00, 0x00, 0x00, 0x0a,
  0xfe, 0x00, 0x00, 0x00, 0x00, 0x00, 0x00, 0xaf, 0xe0, 0x00, 0x00, 0x00, 0x00, 0x00, 0x0a, 0xfe,
  0x00, 0x00, 0x00, 0x0f, 0xff, 0xff, 0xff, 0xff, 0xff, 0x80, 0xff, 0xff, 0xff, 0xff, 0xff, 0xf7,
  0x03, 0x33, 0x33, 0x33, 0x6f, 0xfc, 0x10, 0x00, 0x00, 0x00, 0x1d, 0xfe, 0x20, 0x00, 0x00, 0x00,
  0x0c, 0xff, 0x40, 0x00, 0x00, 0x00, 0x0a, 0xff, 0x60, 0x00, 0x00, 0x00, 0x07, 0xff, 0x90, 0x00,
  0x00, 0x00, 0x04, 0xff, 0xb0, 0x00, 0x00, 0x00, 0x02, 0xef, 0xd1, 0x00, 0x00, 0x00, 0x01, 0xdf,
  0xe3, 0x00, 0x00, 0x00, 0x00, 0xbf, 0xf5, 0x00, 0x00, 0x00, 0x00, 0x8f, 0xfb, 0x33, 0x33, 0x33,
  0x32, 0x2f, 0xff, 0xff, 0xff, 0xff, 0xff, 0xc3, 0xff, 0xff, 0xff, 0xff, 0xff, 0xfc, 0x01, 0xdd,
  0xdd, 0x80, 0x2f, 0xff, 0xfa, 0x02, 0xff, 0x73, 0x20, 0x2f, 0xf6, 0x00, 0x02, 0xff, 0x60, 0x00,
  0x2f, 0xf6, 0x00, 0x02, 0xff, 0x60, 0x00, 0x2f, 0xf6, 0x00, 0x02, 0xff, 0x60, 0x00, 0x2f, 0xf6,
  0x00, 0x02, 0xff, 0x60, 0x00, 0x2f, 0xf6, 0x00, 0x02, 0xff, 0x60, 0x00, 0x2f, 0xf6, 0x00, 0x02,
  0xff, 0x60, 0x00, 0x2f, 0xf6, 0x00, 0x02, 0xff, 0x72, 0x10, 0x2f, 0xff, 0xfa, 0x01, 0xdd, 0xdd,
  0x90, 0x8d, 0x70, 0x00, 0x00, 0x00, 0x5f, 0xd0, 0x00, 0x00, 0x00, 0x1e, 0xf4, 0x00, 0x00, 0x00,
  0x0a, 0xf9, 0x00, 0x00, 0x00, 0x04, 0xfe, 0x00, 0x00, 0x00, 0x00, 0xef, 0x50, 0x00, 0x00, 0x00,
  0x9f, 0xa0, 0x00, 0x00, 0x00, 0x4f, 0xe1, 0x00, 0x00, 0x00, 0x0d, 0xf5, 0x00, 0x00, 0x00, 0x08,
  0xfb, 0x00, 0x00, 0x00, 0x03, 0xff, 0x10, 0x00, 0x00, 0x00, 0xdf, 0x60, 0x00, 0x00, 0x00, 0x7f,
  0xb0, 0x00, 0x00, 0x00, 0x2f, 0xf2, 0x00, 0x00, 0x00, 0x0c, 0xf7, 0x00, 0x00, 0x00, 0x07, 0xfc,
  0x00, 0x00, 0x00, 0x01, 0xff, 0x20, 0x00, 0x00, 0x00, 0xbf, 0x80, 0x00, 0x00, 0x00, 0x6f, 0xd0,
  0x8d, 0xdd, 0xd1, 0x0a, 0xff, 0xff, 0x20, 0x23, 0x7f, 0xf2, 0x00, 0x06, 0xff, 0x20, 0x00, 0x6f,
  0xf2, 0x00, 0x06, 0xff, 0x20, 0x00, 0x6f, 0xf2, 0x00, 0x06, 0xff, 0x20, 0x00, 0x6f, 0xf2, 0x00,
  0x06, 0xff, 0x20, 0x00, 0x6f, 0xf2, 0x00, 0x06, 0xff, 0x20, 0x00, 0x6f, 0xf2, 0x00, 0x06, 0xff,
  0x20, 0x00, 0x6f, 0xf2, 0x00, 0x06, 0xff, 0x20, 0x12, 0x7f, 0xf2, 0x0a, 0xff, 0xff, 0x20, 0x9d,
  0xdd, 0xd1, 0x00, 0x00, 0x00, 0x03, 0x20, 0x00, 0x00, 0x00, 0x00, 0x6f, 0xf3, 0x00, 0x00, 0x00,
  0x00, 0xcf, 0xfa, 0x00, 0x00, 0x00, 0x04, 0xfa, 0xcf, 0x10, 0x00, 0x00, 0x0a, 0xf3, 0x6f, 0x80,
  0x00, 0x00, 0x2f, 0xc0, 0x1e, 0xe0, 0x00, 0x00, 0x8f, 0x60, 0x09, 0xf5, 0x00, 0x00, 0xee, 0x10,
  0x02, 0xfc, 0x00, 0x06, 0xf8, 0x00, 0x00, 0xbf, 0x30, 0x02, 0x31, 0x00, 0x00, 0x13, 0x10, 0x00,
  0x00, 0x00, 0x00, 0x00, 0x00, 0x00, 0x00, 0x00, 0x00, 0x00, 0x00, 0xff, 0xff, 0xff, 0xff, 0xff,
  0x88, 0x88, 0x88, 0x88, 0x88, 0x00, 0x6d, 0xd5, 0x00, 0x00, 0x00, 0x00, 0x04, 0xef, 0x50, 0x00,
  0x00, 0x00, 0x00, 0x2b, 0xd4, 0x00, 0x00, 0x00, 0x00, 0x00, 0x00, 0x00, 0x00, 0x00, 0x00, 0x00,
  0x00, 0x00, 0x00, 0x00, 0x00, 0x00, 0x00, 0x00, 0x00, 0x00, 0x00, 0x00, 0x00, 0x00, 0x00, 0x00,
  0x00, 0x00, 0x00, 0x00, 0x00, 0x00, 0x00, 0x00, 0x00, 0x00, 0x00, 0x00, 0x00, 0x00, 0x00, 0x00,
  0x00, 0x00, 0x00, 0x00, 0x00, 0x00, 0x00, 0x00, 0x00, 0x00, 0x00, 0x00, 0x00, 0x00, 0x00, 0x00,
  0x00, 0x00, 0x00, 0x00, 0x00, 0x00, 0x00, 0x00, 0x00, 0x00, 0x00, 0x00, 0x00, 0x00, 0x00, 0x00,
  0x38, 0xbc, 0xb9, 0x30, 0x00, 0x08, 0xff, 0xff, 0xff, 0xf7, 0x00, 0x04, 0xfa, 0x65, 0x7e, 0xff,
  0x20, 0x00, 0x20, 0x00, 0x03, 0xff, 0x70, 0x00, 0x01, 0x33, 0x44, 0xff, 0x80, 0x01, 0xaf, 0xff,
  0xff, 0xff, 0x90, 0x0b, 0xfe, 0x87, 0x66, 0xff, 0x90, 0x1f, 0xf7, 0x00, 0x00, 0xef, 0x90, 0x1f,
  0xf9, 0x00, 0x08, 0xff, 0x90, 0x0a, 0xff, 0xdb, 0xdf, 0xff, 0x90, 0x01, 0x8e, 0xff, 0xd6, 0xcf,
  0x90, 0x00, 0x00, 0x11, 0x00, 0x00, 0x00, 0x05, 0xdd, 0x20, 0x00, 0x00, 0x00, 0x00, 0x05, 0xff,
  0x20, 0x00, 0x00, 0x00, 0x00, 0x05, 0xff, 0x20, 0x00, 0x00, 0x00, 0x00, 0x05, 0xff, 0x20, 0x00,
  0x00, 0x00, 0x00, 0x05, 0xff, 0x25, 0xac, 0xb7, 0x10, 0x00, 0x05, 0xff, 0xcf, 0xff, 0xff, 0xe4,
  0x00, 0x05, 0xff, 0xfc, 0x65, 0x9f, 0xfe, 0x20, 0x05, 0xff, 0xd0, 0x00, 0x04, 0xff, 0x80, 0x05,
  0xff, 0x50, 0x00, 0x00, 0xbf, 0xd0, 0x05, 0xff, 0x20, 0x00, 0x00, 0x9f, 0xe0, 0x05, 0xff, 0x30,
  0x00, 0x00, 0xaf, 0xd0, 0x05, 0xff, 0x90, 0x00, 0x02, 0xef, 0xa0, 0x05, 0xff, 0xf8, 0x21, 0x4d,
  0xff, 0x40, 0x05, 0xff, 0xef, 0xff, 0xff, 0xf7, 0x00, 0x05, 0xff, 0x2a, 0xff, 0xfc, 0x50, 0x00,
  0x00, 0x00, 0x00, 0x01, 0x00, 0x00, 0x00, 0x00, 0x01, 0x7a, 0xcb, 0x71, 0x00, 0x00, 0x5e, 0xff,
  0xff, 0xfe, 0x30, 0x04, 0xff, 0xe7, 0x58, 0xef, 0xd0, 0x0c, 0xfe, 0x10, 0x00, 0x29, 0x10, 0x2f,
  0xf7, 0x00, 0x00, 0x00, 0x00, 0x3f, 0xf5, 0x00, 0x00, 0x00, 0x00, 0x2f, 0xf6, 0x00, 0x00, 0x00,
  0x00, 0x0e, 0xfc, 0x00, 0x00, 0x04, 0x00, 0x07, 0xff, 0xa3, 0x03, 0xbf, 0xa0, 0x00, 0xaf, 0xff,
  0xff, 0xff, 0x70, 0x00, 0x05, 0xcf, 0xff, 0xc5, 0x00, 0x00, 0x00, 0x00, 0x10, 0x00, 0x00, 0x00,
  0x00, 0x00, 0x00, 0x05, 0xdd, 0x10, 0x00, 0x00, 0x00, 0x00, 0x06, 0xff, 0x10, 0x00, 0x00, 0x00,
  0x00, 0x06, 0xff, 0x10, 0x00, 0x00, 0x00, 0x00, 0x06, 0xff, 0x10, 0x00, 0x02, 0x8b, 0xc9, 0x36,
  0xff, 0x10, 0x00, 0x7f, 0xff, 0xff, 0xfc, 0xff, 0x10, 0x05, 0xff, 0xe7, 0x58, 0xef, 0xff, 0x10,
  0x0c, 0xfe, 0x20, 0x00, 0x2f, 0xff, 0x10, 0x1f, 0xf7, 0x00, 0x00, 0x0d, 0xff, 0x10, 0x3f, 0xf5,
  0x00, 0x00, 0x09, 0xff, 0x10, 0x2f, 0xf6, 0x00, 0x00, 0x0b, 0xff, 0x10, 0x0e, 0xfc, 0x00, 0x00,
  0x0f, 0xff, 0x10, 0x08, 0xff, 0xa2, 0x03, 0xbf, 0xff, 0x10, 0x00, 0xbf, 0xff, 0xff, 0xff, 0xff,
  0x10, 0x00, 0x07, 0xdf, 0xfe, 0x85, 0xff, 0x10, 0x00, 0x00, 0x01, 0x10, 0x00, 0x00, 0x00, 0x00,
  0x02, 0x8b, 0xca, 0x50, 0x00, 0x00, 0x6f, 0xff, 0xff, 0xfc, 0x10, 0x04, 0xff, 0xb5, 0x47, 0xef,
  0xb0, 0x0c, 0xfb, 0x00, 0x00, 0x3f, 0xf4, 0x2f, 0xf8, 0x33, 0x33, 0x3f, 0xf8, 0x3f, 0xff, 0xff,
  0xff, 0xff, 0xfa, 0x2f, 0xfb, 0x77, 0x77, 0x77, 0x74, 0x0e, 0xfa, 0x00, 0x00, 0x00, 0x00, 0x07,
  0xff, 0xa2, 0x01, 0x5d, 0x30, 0x00, 0xaf, 0xff, 0xff, 0xff, 0xb0, 0x00, 0x05, 0xcf, 0xff, 0xd7,
  0x10, 0x00, 0x00, 0x00, 0x11, 0x00, 0x00, 0x00, 0x05, 0xce, 0xd9, 0x00, 0x05, 0xff, 0xff, 0xb0,
  0x00, 0xcf, 0xc2, 0x23, 0x00, 0x0f, 0xf7, 0x00, 0x00, 0x79, 0xff, 0xf9, 0x93, 0x0c, 0xff, 0xff,
  0xff, 0x50, 0x56, 0xff, 0xd6, 0x62, 0x00, 0x0f, 0xf7, 0x00, 0x00, 0x00, 0xff, 0x70, 0x00, 0x00,
  0x0f, 0xf7, 0x00, 0x00, 0x00, 0xff, 0x70, 0x00, 0x00, 0x0f, 0xf7, 0x00, 0x00, 0x00, 0xff, 0x70,
  0x00, 0x00, 0x0f, 0xf7, 0x00, 0x00, 0x00, 0xff, 0x70, 0x00, 0x00, 0x00, 0x03, 0x8b, 0xc9, 0x41,
  0xaa, 0x30, 0x00, 0x8f, 0xff, 0xff, 0xfb, 0xff, 0x40, 0x06, 0xff, 0xd7, 0x57, 0xdf, 0xff, 0x40,
  0x0d, 0xfd, 0x10, 0x00, 0x1e, 0xff, 0x40, 0x2f, 0xf6, 0x00, 0x00, 0x07, 0xff, 0x40, 0x3f, 0xf5,
  0x00, 0x00, 0x05, 0xff, 0x40, 0x2f, 0xf8, 0x00, 0x00, 0x09, 0xff, 0x40, 0x0c, 0xfe, 0x40, 0x00,
  0x3f, 0xff, 0x40, 0x03, 0xff, 0xfc, 0xab, 0xff, 0xff, 0x40, 0x00, 0x4d, 0xff, 0xff, 0xe8, 0xff,
  0x40, 0x00, 0x00, 0x47, 0x75, 0x16, 0xff, 0x20, 0x00, 0x20, 0x00, 0x00, 0x0b, 0xfe, 0x00, 0x02,
  0xfb, 0x52, 0x24, 0xaf, 0xf9, 0x00, 0x07, 0xff, 0xff, 0xff, 0xff, 0xc1, 0x00, 0x00, 0x39, 0xce,
  0xfe, 0xc7, 0x00, 0x00, 0x00, 0x00, 0x00, 0x00, 0x00, 0x00, 0x00, 0x05, 0xdd, 0x20, 0x00, 0x00,
  0x00, 0x00, 0x05, 0xff, 0x20, 0x00, 0x00, 0x00, 0x00, 0x05, 0xff, 0x20, 0x00, 0x00, 0x00, 0x00,
  0x05, 0xff, 0x20, 0x00, 0x00, 0x00, 0x00, 0x05, 0xff, 0x25, 0xac, 0xb7, 0x10, 0x00, 0x05, 0xff,
  0xdf, 0xff, 0xff, 0xd2, 0x00, 0x05, 0xff, 0xfc, 0x77, 0xcf, 0xfa, 0x00, 0x05, 0xff, 0xb0, 0x00,
  0x0c, 0xff, 0x00, 0x05, 0xff, 0x40, 0x00, 0x07, 0xff, 0x20, 0x05, 0xff, 0x20, 0x00, 0x05, 0xff,
  0x20, 0x05, 0xff, 0x20, 0x00, 0x05, 0xff, 0x20, 0x05, 0xff, 0x20, 0x00, 0x05, 0xff, 0x20, 0x05,
  0xff, 0x20, 0x00, 0x05, 0xff, 0x20, 0x05, 0xff, 0x20, 0x00, 0x05, 0xff, 0x20, 0x05, 0xff, 0x20,
  0x00, 0x05, 0xff, 0x20, 0x00, 0x55, 0x00, 0x07, 0xff, 0x70, 0x07, 0xff, 0x70, 0x00, 0x76, 0x00,
  0x00, 0x00, 0x00, 0x04, 0xaa, 0x10, 0x05, 0xff, 0x20, 0x05, 0xff, 0x20, 0x05, 0xff, 0x20, 0x05,
  0xff, 0x20, 0x05, 0xff, 0x20, 0x05, 0xff, 0x20, 0x05, 0xff, 0x20, 0x05, 0xff, 0x20, 0x05, 0xff,
  0x20, 0x05, 0xff, 0x20, 0x00, 0x00, 0x55, 0x00, 0x00, 0x07, 0xff, 0x70, 0x00, 0x07, 0xff, 0x70,
  0x00, 0x00, 0x76, 0x00, 0x00, 0x00, 0x00, 0x00, 0x00, 0x03, 0xaa, 0x30, 0x00, 0x04, 0xff, 0x40,
  0x00, 0x04, 0xff, 0x40, 0x00, 0x04, 0xff, 0x40, 0x00, 0x04, 0xff, 0x40, 0x00, 0x04, 0xff, 0x40,
  0x00, 0x04, 0xff, 0x40, 0x00, 0x04, 0xff, 0x40, 0x00, 0x04, 0xff, 0x40, 0x00, 0x04, 0xff, 0x40,
  0x00, 0x04, 0xff, 0x40, 0x00, 0x04, 0xff, 0x30, 0x13, 0x1a, 0xff, 0x10, 0x8f, 0xff, 0xf9, 0x00,
  0x7e, 0xfe, 0x80, 0x00, 0x00, 0x00, 0x00, 0x00, 0x05, 0xdd, 0x20, 0x00, 0x00, 0x00, 0x00, 0x5f,
  0xf2, 0x00, 0x00, 0x00, 0x00, 0x05, 0xff, 0x20, 0x00, 0x00, 0x00, 0x00, 0x5f, 0xf2, 0x00, 0x00,
  0x00, 0x00, 0x05, 0xff, 0x20, 0x00, 0x19, 0xa9, 0x10, 0x5f, 0xf2, 0x00, 0x2d, 0xfe, 0x30, 0x05,
  0xff, 0x20, 0x2d, 0xfe, 0x30, 0x00, 0x5f, 0xf2, 0x3e, 0xfe, 0x30, 0x00, 0x05, 0xff, 0x6e, 0xff,
  0x30, 0x00, 0x00, 0x5f, 0xff, 0xff, 0xf6, 0x00, 0x00, 0x05, 0xff, 0xfd, 0xef, 0xf3, 0x00, 0x00,
  0x5f, 0xfe, 0x13, 0xef, 0xd1, 0x00, 0x05, 0xff, 0x30, 0x05, 0xff, 0xb0, 0x00, 0x5f, 0xf2, 0x00,
  0x08, 0xff, 0x80, 0x05, 0xff, 0x20, 0x00, 0x0a, 0xff, 0x50, 0x05, 0xdd, 0x20, 0x05, 0xff, 0x20,
  0x05, 0xff, 0x20, 0x05, 0xff, 0x20, 0x05, 0xff, 0x20, 0x05, 0xff, 0x20, 0x05, 0xff, 0x20, 0x05,
  0xff, 0x20, 0x05, 0xff, 0x20, 0x05, 0xff, 0x20, 0x05, 0xff, 0x20, 0x05, 0xff, 0x20, 0x05, 0xff,
  0x20, 0x05, 0xff, 0x20, 0x05, 0xff, 0x20, 0x04, 0xaa, 0x06, 0xac, 0xa5, 0x00, 0x28, 0xbc, 0x93,
  0x00, 0x00, 0x5f, 0xfc, 0xff, 0xff, 0xfa, 0x6f, 0xff, 0xff, 0xf6, 0x00, 0x05, 0xff, 0xfc, 0x77,
  0xdf, 0xff, 0xf9, 0x69, 0xff, 0xf1, 0x00, 0x5f, 0xfb, 0x00, 0x02, 0xff, 0xf6, 0x00, 0x06, 0xff,
  0x50, 0x05, 0xff, 0x40, 0x00, 0x0b, 0xfe, 0x00, 0x00, 0x1f, 0xf7, 0x00, 0x5f, 0xf2, 0x00, 0x00,
  0xaf, 0xd0, 0x00, 0x00, 0xff, 0x80, 0x05, 0xff, 0x20, 0x00, 0x0a, 0xfc, 0x00, 0x00, 0x0f, 0xf8,
  0x00, 0x5f, 0xf2, 0x00, 0x00, 0xaf, 0xc0, 0x00, 0x00, 0xff, 0x80, 0x05, 0xff, 0x20, 0x00, 0x0a,
  0xfc, 0x00, 0x00, 0x0f, 0xf8, 0x00, 0x5f, 0xf2, 0x00, 0x00, 0xaf, 0xc0, 0x00, 0x00, 0xff, 0x80,
  0x05, 0xff, 0x20, 0x00, 0x0a, 0xfc, 0x00, 0x00, 0x0f, 0xf8, 0x00, 0x04, 0xaa, 0x05, 0xac, 0xb7,
  0x10, 0x00, 0x05, 0xff, 0xbf, 0xff, 0xff, 0xd2, 0x00, 0x05, 0xff, 0xfc, 0x77, 0xcf, 0xfa, 0x00,
  0x05, 0xff, 0xb0, 0x00, 0x0c, 0xff, 0x00, 0x05, 0xff, 0x40, 0x00, 0x07, 0xff, 0x20, 0x05, 0xff,
  0x20, 0x00, 0x05, 0xff, 0x20, 0x05, 0xff, 0x20, 0x00, 0x05, 0xff, 0x20, 0x05, 0xff, 0x20, 0x00,
  0x05, 0xff, 0x20, 0x05, 0xff, 0x20, 0x00, 0x05, 0xff, 0x20, 0x05, 0xff, 0x20, 0x00, 0x05, 0xff,
  0x20, 0x05, 0xff, 0x20, 0x00, 0x05, 0xff, 0x20, 0x00, 0x02, 0x7b, 0xca, 0x71, 0x00, 0x00, 0x05,
  0xef, 0xff, 0xff, 0xe4, 0x00, 0x04, 0xff, 0xd7, 0x58, 0xef, 0xe3, 0x00, 0xcf, 0xe1, 0x00, 0x02,
  0xef, 0xa0, 0x2f, 0xf7, 0x00, 0x00, 0x09, 0xff, 0x03, 0xff, 0x50, 0x00, 0x00, 0x6f, 0xf2, 0x2f,
  0xf6, 0x00, 0x00, 0x07, 0xff, 0x10, 0xef, 0xc0, 0x00, 0x00, 0xdf, 0xc0, 0x07, 0xff, 0xa2, 0x03,
  0xbf, 0xf5, 0x00, 0x0a, 0xff, 0xff, 0xff, 0xf8, 0x00, 0x00, 0x06, 0xcf, 0xff, 0xb5, 0x00, 0x00,
  0x00, 0x00, 0x01, 0x00, 0x00, 0x00, 0x04, 0xaa, 0x05, 0xac, 0xb7, 0x10, 0x00, 0x05, 0xff, 0xbf,
  0xff, 0xff, 0xe4, 0x00, 0x05, 0xff, 0xfc, 0x65, 0x9f, 0xfe, 0x20, 0x05, 0xff, 0xc0, 0x00, 0x04,
  0xff, 0x80, 0x05, 0xff, 0x40, 0x00, 0x00, 0xbf, 0xd0, 0x05, 0xff, 0x20, 0x00, 0x00, 0x9f, 0xe0,
  0x05, 0xff, 0x30, 0x00, 0x00, 0xaf, 0xd0, 0x05, 0xff, 0xa0, 0x00, 0x02, 0xef, 0xa0, 0x05, 0xff,
  0xf8, 0x21, 0x4d, 0xff, 0x40, 0x05, 0xff, 0xff, 0xff, 0xff, 0xf7, 0x00, 0x05, 0xff, 0x4a, 0xff,
  0xfc, 0x50, 0x00, 0x05, 0xff, 0x20, 0x01, 0x00, 0x00, 0x00, 0x05, 0xff, 0x20, 0x00, 0x00, 0x00,
  0x00, 0x05, 0xff, 0x20, 0x00, 0x00, 0x00, 0x00, 0x05, 0xdd, 0x20, 0x00, 0x00, 0x00, 0x00, 0x00,
  0x02, 0x8b, 0xc9, 0x33, 0xaa, 0x10, 0x00, 0x7f, 0xff, 0xff, 0xfb, 0xff, 0x10, 0x05, 0xff, 0xd7,
  0x58, 0xef, 0xff, 0x10, 0x0c, 0xfe, 0x10, 0x00, 0x2f, 0xff, 0x10, 0x2f, 0xf7, 0x00, 0x00, 0x0c,
  0xff, 0x10, 0x3f, 0xf5, 0x00, 0x00, 0x0a, 0xff, 0x10, 0x2f, 0xf6, 0x00, 0x00, 0x0c, 0xff, 0x10,
  0x0e, 0xfc, 0x00, 0x00, 0x0f, 0xff, 0x10, 0x08, 0xff, 0xa2, 0x03, 0xbf, 0xff, 0x10, 0x00, 0xbf,
  0xff, 0xff, 0xff, 0xff, 0x10, 0x00, 0x07, 0xdf, 0xfe, 0x87, 0xff, 0x10, 0x00, 0x00, 0x01, 0x10,
  0x06, 0xff, 0x10, 0x00, 0x00, 0x00, 0x00, 0x06, 0xff, 0x10, 0x00, 0x00, 0x00, 0x00, 0x06, 0xff,
  0x10, 0x00, 0x00, 0x00, 0x00, 0x06, 0xdd, 0x10, 0x04, 0xaa, 0x05, 0xa9, 0x05, 0xff, 0xaf, 0xfc,
  0x05, 0xff, 0xfe, 0xa7, 0x05, 0xff, 0xd1, 0x00, 0x05, 0xff, 0x60, 0x00, 0x05, 0xff, 0x30, 0x00,
  0x05, 0xff, 0x20, 0x00, 0x05, 0xff, 0x20, 0x00, 0x05, 0xff, 0x20, 0x00, 0x05, 0xff, 0x20, 0x00,
  0x05, 0xff, 0x20, 0x00, 0x00, 0x38, 0xbc, 0xa8, 0x40, 0x06, 0xff, 0xff, 0xff, 0xf3, 0x1e, 0xfc,
  0x54, 0x59, 0xb0, 0x3f, 0xf4, 0x00, 0x00, 0x00, 0x2f, 0xfd, 0x84, 0x20, 0x00, 0x06, 0xff, 0xff,
  0xfd, 0x60, 0x00, 0x26, 0xac, 0xff, 0xf6, 0x00, 0x00, 0x00, 0x1c, 0xfb, 0x0b, 0x62, 0x00, 0x2d,
  0xfa, 0x5f, 0xff, 0xee, 0xff, 0xf3, 0x17, 0xcf, 0xff, 0xeb, 0x30, 0x00, 0x00, 0x11, 0x00, 0x00,
  0x00, 0x00, 0x00, 0x00, 0x00, 0x0f, 0xf7, 0x00, 0x00, 0x00, 0xff, 0x70, 0x00, 0x08, 0xbf, 0xff,
  0xaa, 0x30, 0xcf, 0xff, 0xff, 0xf5, 0x04, 0x5f, 0xfc, 0x55, 0x20, 0x00, 0xff, 0x70, 0x00, 0x00,
  0x0f, 0xf7, 0x00, 0x00, 0x00, 0xff, 0x70, 0x00, 0x00, 0x0f, 0xf7, 0x00, 0x00, 0x00, 0xff, 0x70,
  0x00, 0x00, 0x0d, 0xfc, 0x10, 0x20, 0x00, 0x8f, 0xff, 0xfa, 0x00, 0x00, 0x8e, 0xff, 0xa0, 0x00,
  0x00, 0x01, 0x00, 0x00, 0x05, 0xaa, 0x00, 0x00, 0x05, 0xaa, 0x00, 0x07, 0xff, 0x10, 0x00, 0x08,
  0xff, 0x00, 0x07, 0xff, 0x10, 0x00, 0x08, 0xff, 0x00, 0x07, 0xff, 0x10, 0x00, 0x08, 0xff, 0x00,
  0x07, 0xff, 0x10, 0x00, 0x08, 0xff, 0x00, 0x07, 0xff, 0x10, 0x00, 0x08, 0xff, 0x00, 0x07, 0xff,
  0x10, 0x00, 0x09, 0xff, 0x00, 0x05, 0xff, 0x50, 0x00, 0x1d, 0xff, 0x00, 0x01, 0xff, 0xd4, 0x13,
  0xbf, 0xff, 0x00, 0x00, 0x8f, 0xff, 0xff, 0xff, 0xff, 0x00, 0x00, 0x07, 0xdf, 0xfe, 0x86, 0xff,
  0x00, 0x00, 0x00, 0x01, 0x10, 0x00, 0x00, 0x00, 0x09, 0xa6, 0x00, 0x00, 0x00, 0x9a, 0x50, 0x9f,
  0xe1, 0x00, 0x00, 0x4f, 0xf2, 0x02, 0xff, 0x60, 0x00, 0x0b, 0xfb, 0x00, 0x0b, 0xfc, 0x00, 0x02,
  0xff, 0x40, 0x00, 0x5f, 0xf4, 0x00, 0x9f, 0xd0, 0x00, 0x00, 0xdf, 0xa0, 0x1e, 0xf6, 0x00, 0x00,
  0x07, 0xff, 0x17, 0xfe, 0x10, 0x00, 0x00, 0x1e, 0xf8, 0xdf, 0x80, 0x00, 0x00, 0x00, 0x9f, 0xff,
  0xf2, 0x00, 0x00, 0x00, 0x02, 0xff, 0xfb, 0x00, 0x00, 0x00, 0x00, 0x0b, 0xff, 0x40, 0x00, 0x00,
  0x8a, 0x60, 0x00, 0x00, 0x9a, 0x40, 0x00, 0x01, 0xaa, 0x27, 0xfd, 0x00, 0x00, 0x4f, 0xfb, 0x00,
  0x00, 0x5f, 0xd0, 0x2f, 0xf3, 0x00, 0x09, 0xff, 0xf2, 0x00, 0x0b, 0xf7, 0x00, 0xbf, 0x90, 0x01,
  0xef, 0xff, 0x70, 0x02, 0xff, 0x20, 0x06, 0xfe, 0x00, 0x6f, 0xd7, 0xfc, 0x00, 0x7f, 0xb0, 0x00,
  0x1e, 0xf4, 0x0b, 0xf7, 0x2f, 0xf3, 0x0c, 0xf6, 0x00, 0x00, 0xaf, 0xa2, 0xff, 0x20, 0xbf, 0x83,
  0xfe, 0x10, 0x00, 0x04, 0xfe, 0x8f, 0xb0, 0x05, 0xfe, 0x9f, 0xa0, 0x00, 0x00, 0x0e, 0xff, 0xf5,
  0x00, 0x0e, 0xff, 0xf4, 0x00, 0x00, 0x00, 0x8f, 0xfe, 0x00, 0x00, 0x9f, 0xfe, 0x00, 0x00, 0x00,
  0x03, 0xff, 0x90, 0x00, 0x03, 0xff, 0x80, 0x00, 0x00, 0x4a, 0xa4, 0x00, 0x00, 0x9a, 0x80, 0x0b,
  0xfe, 0x20, 0x08, 0xff, 0x30, 0x01, 0xef, 0xb0, 0x4f, 0xf6, 0x00, 0x00, 0x4f, 0xf9, 0xef, 0xa0,
  0x00, 0x00, 0x07, 0xff, 0xfd, 0x10, 0x00, 0x00, 0x00, 0xff, 0xf4, 0x00, 0x00, 0x00, 0x05, 0xff,
  0xfc, 0x00, 0x00, 0x00, 0x3e, 0xfb, 0xff, 0x90, 0x00, 0x01, 0xdf, 0xc0, 0x6f, 0xf5, 0x00, 0x0a,
  0xfe, 0x20, 0x0a, 0xfe, 0x20, 0x6f, 0xf5, 0x00, 0x01, 0xdf, 0xd1, 0x09, 0xa6, 0x00, 0x00, 0x00,
  0x9a, 0x50, 0x9f, 0xe1, 0x00, 0x00, 0x4f, 0xf2, 0x02, 0xff, 0x60, 0x00, 0x0a, 0xfa, 0x00, 0x0b,
  0xfd, 0x00, 0x02, 0xff, 0x40, 0x00, 0x4f, 0xf4, 0x00, 0x8f, 0xc0, 0x00, 0x00, 0xdf, 0xb0, 0x1e,
  0xf6, 0x00, 0x00, 0x06, 0xff, 0x26, 0xfe, 0x10, 0x00, 0x00, 0x1e, 0xf8, 0xcf, 0x80, 0x00, 0x00,
  0x00, 0x8f, 0xff, 0xf2, 0x00, 0x00, 0x00, 0x02, 0xff, 0xfa, 0x00, 0x00, 0x00, 0x00, 0x0d, 0xff,
  0x30, 0x00, 0x00, 0x00, 0x00, 0xbf, 0xc0, 0x00, 0x00, 0x06, 0x52, 0x6f, 0xf5, 0x00, 0x00, 0x01,
  0xef, 0xff, 0xfb, 0x00, 0x00, 0x00, 0x18, 0xdf, 0xe8, 0x00, 0x00, 0x00, 0x00, 0x00, 0x00, 0x00,
  0x00, 0x00, 0x00, 0x1a, 0xaa, 0xaa, 0xaa, 0xa8, 0x02, 0xff, 0xff, 0xff, 0xff, 0xc0, 0x15, 0x55,
  0x55, 0xcf, 0xf5, 0x00, 0x00, 0x00, 0x5f, 0xf7, 0x00, 0x00, 0x00, 0x3e, 0xfa, 0x00, 0x00, 0x00,
  0x2d, 0xfc, 0x00, 0x00, 0x00, 0x0c, 0xfd, 0x20, 0x00, 0x00, 0x0a, 0xfe, 0x30, 0x00, 0x00, 0x07,
  0xff, 0x50, 0x00, 0x00, 0x03, 0xff, 0xff, 0xff, 0xff, 0xf0, 0x4f, 0xff, 0xff, 0xff, 0xff, 0x00,
  0x00, 0x01, 0x8b, 0xd1, 0x00, 0x0c, 0xff, 0xf1, 0x00, 0x3f, 0xfa, 0x30, 0x00, 0x5f, 0xf3, 0x00,
  0x00, 0x5f, 0xf2, 0x00, 0x00, 0x5f, 0xf2, 0x00, 0x00, 0x5f, 0xf2, 0x00, 0x00, 0x5f, 0xf2, 0x00,
  0x07, 0xdf, 0xe1, 0x00, 0x0e, 0xff, 0x50, 0x00, 0x08, 0xdf, 0xe0, 0x00, 0x00, 0x5f, 0xf2, 0x00,
  0x00, 0x5f, 0xf2, 0x00, 0x00, 0x5f, 0xf2, 0x00, 0x00, 0x5f, 0xf2, 0x00, 0x00, 0x5f, 0xf3, 0x00,
  0x00, 0x3f, 0xfa, 0x20, 0x00, 0x0c, 0xff, 0xf1, 0x00, 0x01, 0x9c, 0xd1, 0x01, 0xdd, 0x20, 0x02,
  0xff, 0x30, 0x02, 0xff, 0x30, 0x02, 0xff, 0x30, 0x02, 0xff, 0x30, 0x02, 0xff, 0x30, 0x02, 0xff,
  0x30, 0x02, 0xff, 0x30, 0x02, 0xff, 0x30, 0x02, 0xff, 0x30, 0x02, 0xff, 0x30, 0x02, 0xff, 0x30,
  0x02, 0xff, 0x30, 0x02, 0xff, 0x30, 0x02, 0xff, 0x30, 0x02, 0xff, 0x30, 0x02, 0xff, 0x30, 0x02,
  0xff, 0x30, 0x01, 0xdd, 0x20, 0x8c, 0xa4, 0x00, 0x0a, 0xff, 0xf3, 0x00, 0x26, 0xff, 0x90, 0x00,
  0x0c, 0xfb, 0x00, 0x00, 0xbf, 0xb0, 0x00, 0x0b, 0xfb, 0x00, 0x00, 0xbf, 0xb0, 0x00, 0x0b, 0xfb,
  0x00, 0x00, 0x9f, 0xf9, 0x20, 0x01, 0xef, 0xf5, 0x00, 0x8f, 0xf9, 0x30, 0x0b, 0xfc, 0x00, 0x00,
  0xbf, 0xb0, 0x00, 0x0b, 0xfb, 0x00, 0x00, 0xbf, 0xb0, 0x00, 0x0c, 0xfb, 0x00, 0x15, 0xff, 0x90,
  0x0a, 0xff, 0xf4, 0x00, 0x9d, 0xb4, 0x00, 0x00, 0x00, 0x6c, 0xc5, 0x00, 0x0a, 0x70, 0x06, 0xff,
  0xff, 0xa2, 0x5f, 0x80, 0x0b, 0xe3, 0x2c, 0xff, 0xff, 0x30, 0x09, 0x70, 0x00, 0x7c, 0xb4, 0x00,
  0x00, 0x00, 0x00, 0x00, 0x00, 0x00, 0x00, 0x00, 0x00, 0x00, 0x00, 0x00, 0x00, 0x00, 0x00, 0x00,
  0x00, 0x00, 0x00, 0x00, 0x00, 0x00, 0x00, 0x00, 0x00, 0x00, 0x00, 0x00, 0x00, 0x00, 0x00, 0x00,
  0x99, 0x00, 0xa9, 0x00, 0x00, 0x00, 0x2f, 0xf3, 0x3f, 0xf2, 0x00, 0x00, 0x00, 0x78, 0x00, 0x87,
  0x00, 0x00, 0x00, 0x00, 0x00, 0x00, 0x00, 0x00, 0x02, 0xff, 0xff, 0xff, 0xff, 0xff, 0x20, 0x2f,
  0xff, 0xff, 0xff, 0xff, 0xf2, 0x02, 0xff, 0x93, 0x33, 0x33, 0x33, 0x00, 0x2f, 0xf7, 0x00, 0x00,
  0x00, 0x00, 0x02, 0xff, 0x70, 0x00, 0x00, 0x00, 0x00, 0x2f, 0xf9, 0x33, 0x33, 0x33, 0x10, 0x02,
  0xff, 0xff, 0xff, 0xff, 0xf4, 0x00, 0x2f, 0xff, 0xee, 0xee, 0xee, 0x40, 0x02, 0xff, 0x70, 0x00,
  0x00, 0x00, 0x00, 0x2f, 0xf7, 0x00, 0x00, 0x00, 0x00, 0x02, 0xff, 0x70, 0x00, 0x00, 0x00, 0x00,
  0x2f, 0xf9, 0x33, 0x33, 0x33, 0x31, 0x02, 0xff, 0xff, 0xff, 0xff, 0xff, 0x60, 0x2f, 0xff, 0xff,
  0xff, 0xff, 0xf6, 0x00, 0x00, 0x00, 0x1e, 0xfe, 0x10, 0x00, 0x00, 0x00, 0x00, 0x00, 0x07, 0xff,
  0xf7, 0x00, 0x00, 0x00, 0x00, 0x00, 0x00, 0xef, 0xff, 0xd0, 0x00, 0x00, 0x00, 0x00, 0x00, 0x6f,
  0xf4, 0xff, 0x50, 0x00, 0x00, 0x00, 0x00, 0x0c, 0xfa, 0x0b, 0xfc, 0x00, 0x00, 0x00, 0x00, 0x04,
  0xff, 0x30, 0x5f, 0xf4, 0x00, 0x00, 0x00, 0x00, 0xbf, 0xc0, 0x00, 0xdf, 0xa0, 0x00, 0x00, 0x00,
  0x3f, 0xf5, 0x00, 0x07, 0xff, 0x20, 0x00, 0x00, 0x09, 0xff, 0x54, 0x44, 0x5f, 0xf9, 0x00, 0x00,
  0x01, 0xff, 0xff, 0xff, 0xff, 0xff, 0xe1, 0x00, 0x00, 0x8f, 0xfd, 0xcc, 0xcc, 0xce, 0xff, 0x70,
  0x00, 0x1e, 0xfa, 0x00, 0x00, 0x00, 0x0b, 0xfe, 0x00, 0x06, 0xff, 0x30, 0x00, 0x00, 0x00, 0x5f,
  0xf6, 0x00, 0xdf, 0xc0, 0x00, 0x00, 0x00, 0x00, 0xdf, 0xd0, 0x00, 0xff, 0xff, 0xff, 0xff, 0xff,
  0xd0, 0x00, 0x0f, 0xff, 0xff, 0xff, 0xff, 0xfd, 0x00, 0x00, 0xff, 0x92, 0x22, 0x22, 0x22, 0x20,
  0x00, 0x0f, 0xf8, 0x00, 0x00, 0x00, 0x00, 0x00, 0x00, 0xff, 0x80, 0x00, 0x00, 0x00, 0x00, 0x00,
  0x0f, 0xfb, 0x66, 0x66, 0x63, 0x00, 0x00, 0x00, 0xff, 0xff, 0xff, 0xff, 0xfe, 0x50, 0x00, 0x0f,
  0xfc, 0x99, 0x99, 0xbf, 0xff, 0x40, 0x00, 0xff, 0x80, 0x00, 0x00, 0x4f, 0xfa, 0x00, 0x0f, 0xf8,
  0x00, 0x00, 0x00, 0xdf, 0xc0, 0x00, 0xff, 0x80, 0x00, 0x00, 0x0e, 0xfb, 0x00, 0x0f, 0xf8, 0x00,
  0x01, 0x3b, 0xff, 0x60, 0x00, 0xff, 0xff, 0xff, 0xff, 0xff, 0xb0, 0x00, 0x0f, 0xff, 0xff, 0xff,
  0xeb, 0x60, 0x00, 0x00, 0xff, 0xff, 0xff, 0xfe, 0xb5, 0x00, 0x00, 0x0f, 0xff, 0xff, 0xff, 0xff,
  0xf7, 0x00, 0x00, 0xff, 0x80, 0x00, 0x15, 0xef, 0xf1, 0x00, 0x0f, 0xf8, 0x00, 0x00, 0x07, 0xff,
  0x30, 0x00, 0xff, 0x80, 0x00, 0x00, 0x7f, 0xf2, 0x00, 0x0f, 0xf8, 0x00, 0x01, 0x5e, 0xfa, 0x00,
  0x00, 0xff, 0xff, 0xff, 0xff, 0xfa, 0x00, 0x00, 0x0f, 0xfe, 0xdd, 0xde, 0xff, 0xfa, 0x10, 0x00,
  0xff, 0x80, 0x00, 0x00, 0x6f, 0xf8, 0x00, 0x0f, 0xf8, 0x00, 0x00, 0x00, 0xcf, 0xd0, 0x00, 0xff,
  0x80, 0x00, 0x00, 0x0c, 0xfd, 0x00, 0x0f, 0xf8, 0x00, 0x00, 0x28, 0xff, 0xa0, 0x00, 0xff, 0xff,
  0xff, 0xff, 0xff, 0xe2, 0x00, 0x0f, 0xff, 0xff, 0xff, 0xec, 0x81, 0x00, 0x00, 0xff, 0xff, 0xff,
  0xff, 0xf7, 0x00, 0xff, 0xff, 0xff, 0xff, 0xf7, 0x00, 0xff, 0xb3, 0x33, 0x33, 0x31, 0x00, 0xff,
  0x80, 0x00, 0x00, 0x00, 0x00, 0xff, 0x80, 0x00, 0x00, 0x00, 0x00, 0xff, 0x80, 0x00, 0x00, 0x00,
  0x00, 0xff, 0x80, 0x00, 0x00, 0x00, 0x00, 0xff, 0x80, 0x00, 0x00, 0x00, 0x00, 0xff, 0x80, 0x00,
  0x00, 0x00, 0x00, 0xff, 0x80, 0x00, 0x00, 0x00, 0x00, 0xff, 0x80, 0x00, 0x00, 0x00, 0x00, 0xff,
  0x80, 0x00, 0x00, 0x00, 0x00, 0xff, 0x80, 0x00, 0x00, 0x00, 0x00, 0xff, 0x80, 0x00, 0x00, 0x00,
  0x00, 0x07, 0xff, 0xff, 0xff, 0xff, 0xfc, 0x00, 0x00, 0x07, 0xff, 0xff, 0xff, 0xff, 0xfc, 0x00,
  0x00, 0x08, 0xfc, 0x33, 0x33, 0x3c, 0xfc, 0x00, 0x00, 0x09, 0xfb, 0x00, 0x00, 0x0b, 0xfc, 0x00,
  0x00, 0x09, 0xfa, 0x00, 0x00, 0x0b, 0xfc, 0x00, 0x00, 0x0a, 0xf9, 0x00, 0x00, 0x0b, 0xfc, 0x00,
  0x00, 0x0b, 0xf8, 0x00, 0x00, 0x0b, 0xfc, 0x00, 0x00, 0x0c, 0xf7, 0x00, 0x00, 0x0b, 0xfc, 0x00,
  0x00, 0x0e, 0xf5, 0x00, 0x00, 0x0b, 0xfc, 0x00, 0x00, 0x3f, 0xf2, 0x00, 0x00, 0x0b, 0xfc, 0x00,
  0x00, 0x8f, 0xd0, 0x00, 0x00, 0x0b, 0xfc, 0x00, 0x28, 0xff, 0x93, 0x33, 0x33, 0x3e, 0xff, 0x33,
  0xaf, 0xff, 0xff, 0xff, 0xff, 0xff, 0xff, 0xfd, 0xbf, 0xff, 0xff, 0xff, 0xff, 0xff, 0xff, 0xfd,
  0xbf, 0xa0, 0x00, 0x00, 0x00, 0x00, 0x08, 0xfd, 0xbf, 0xa0, 0x00, 0x00, 0x00, 0x00, 0x08, 0xfd,
  0xbf, 0xa0, 0x00, 0x00, 0x00, 0x00, 0x08, 0xfc, 0x02, 0xff, 0xff, 0xff, 0xff, 0xff, 0x20, 0x2f,
  0xff, 0xff, 0xff, 0xff, 0xf2, 0x02, 0xff, 0x93, 0x33, 0x33, 0x33, 0x00, 0x2f, 0xf7, 0x00, 0x00,
  0x00, 0x00, 0x02, 0xff, 0x70, 0x00, 0x00, 0x00, 0x00, 0x2f, 0xf9, 0x33, 0x33, 0x33, 0x10, 0x02,
  0xff, 0xff, 0xff, 0xff, 0xf4, 0x00, 0x2f, 0xff, 0xee, 0xee, 0xee, 0x40, 0x02, 0xff, 0x70, 0x00,
  0x00, 0x00, 0x00, 0x2f, 0xf7, 0x00, 0x00, 0x00, 0x00, 0x02, 0xff, 0x70, 0x00, 0x00, 0x00, 0x00,
  0x2f, 0xf9, 0x33, 0x33, 0x33, 0x31, 0x02, 0xff, 0xff, 0xff, 0xff, 0xff, 0x60, 0x2f, 0xff, 0xff,
  0xff, 0xff, 0xf6, 0x2e, 0xfa, 0x00, 0x00, 0x0b, 0xfc, 0x00, 0x00, 0x09, 0xff, 0x20, 0x7f, 0xf4,
  0x00, 0x00, 0xbf, 0xc0, 0x00, 0x03, 0xff, 0x80, 0x00, 0xdf, 0xc0, 0x00, 0x0b, 0xfc, 0x00, 0x00,
  0xcf, 0xd0, 0x00, 0x04, 0xff, 0x60, 0x00, 0xbf, 0xc0, 0x00, 0x6f, 0xf4, 0x00, 0x00, 0x09, 0xfe,
  0x10, 0x0b, 0xfc, 0x00, 0x1e, 0xfa, 0x00, 0x00, 0x00, 0x1e, 0xfb, 0x22, 0xdf, 0xe2, 0x2b, 0xfe,
  0x20, 0x00, 0x00, 0x00, 0x9f, 0xff, 0xff, 0xff, 0xff, 0xff, 0xa0, 0x00, 0x00, 0x00, 0x0c, 0xff,
  0xff, 0xff, 0xff, 0xff, 0xfc, 0x00, 0x00, 0x00, 0x06, 0xff, 0xb2, 0x2d, 0xfe, 0x22, 0xaf, 0xf6,
  0x00, 0x00, 0x01, 0xef, 0xe1, 0x00, 0xbf, 0xc0, 0x01, 0xef, 0xe1, 0x00, 0x00, 0x9f, 0xf6, 0x00,
  0x0b, 0xfc, 0x00, 0x06, 0xff, 0x90, 0x00, 0x3f, 0xfc, 0x00, 0x00, 0xbf, 0xc0, 0x00, 0x0c, 0xff,
  0x30, 0x0c, 0xff, 0x30, 0x00, 0x0b, 0xfc, 0x00, 0x00, 0x3f, 0xfc, 0x06, 0xff, 0x90, 0x00, 0x00,
  0xbf, 0xc0, 0x00, 0x00, 0x9f, 0xf6, 0x00, 0x00, 0x02, 0x21, 0x00, 0x00, 0x00, 0x00, 0x5a, 0xef,
  0xff, 0xea, 0x40, 0x00, 0x03, 0xff, 0xff, 0xff, 0xff, 0xf6, 0x00, 0x00, 0xc9, 0x42, 0x12, 0x6e,
  0xfe, 0x10, 0x00, 0x00, 0x00, 0x00, 0x07, 0xff, 0x30, 0x00, 0x00, 0x00, 0x00, 0x07, 0xff, 0x20,
  0x00, 0x01, 0x44, 0x44, 0x7e, 0xfb, 0x00, 0x00, 0x03, 0xff, 0xff, 0xff, 0xd1, 0x00, 0x00, 0x02,
  0xcc, 0xcc, 0xff, 0xfa, 0x00, 0x00, 0x00, 0x00, 0x00, 0x06, 0xff, 0x70, 0x00, 0x00, 0x00, 0x00,
  0x00, 0xcf, 0xc0, 0x01, 0x10, 0x00, 0x00, 0x00, 0xef, 0xc0, 0x08, 0xd7, 0x31, 0x01, 0x4b, 0xff,
  0x70, 0x0d, 0xff, 0xff, 0xff, 0xff, 0xfb, 0x10, 0x01, 0x7c, 0xff, 0xff, 0xfc, 0x60, 0x00, 0x00,
  0x00, 0x12, 0x32, 0x10, 0x00, 0x00, 0x00, 0xff, 0x80, 0x00, 0x00, 0x05, 0xff, 0x70, 0x00, 0xff,
  0x80, 0x00, 0x00, 0x2e, 0xff, 0x70, 0x00, 0xff, 0x80, 0x00, 0x00, 0xcf, 0xff, 0x70, 0x00, 0xff,
  0x80, 0x00, 0x09, 0xff, 0xff, 0x70, 0x00, 0xff, 0x80, 0x00, 0x5f, 0xfa, 0xff, 0x70, 0x00, 0xff,
  0x80, 0x02, 0xef, 0xc2, 0xff, 0x70, 0x00, 0xff, 0x80, 0x1c, 0xfe, 0x21, 0xff, 0x70, 0x00, 0xff,
  0x80, 0x9f, 0xf5, 0x01, 0xff, 0x70, 0x00, 0xff, 0x85, 0xff, 0x80, 0x01, 0xff, 0x70, 0x00, 0xff,
  0xbe, 0xfc, 0x00, 0x01, 0xff, 0x70, 0x00, 0xff, 0xff, 0xe2, 0x00, 0x01, 0xff, 0x70, 0x00, 0xff,
  0xff, 0x40, 0x00, 0x01, 0xff, 0x70, 0x00, 0xff, 0xf8, 0x00, 0x00, 0x01, 0xff, 0x70, 0x00, 0xff,
  0xb0, 0x00, 0x00, 0x01, 0xff, 0x70, 0x00, 0x00, 0xad, 0x00, 0x06, 0xd4, 0x00, 0x00, 0x00, 0x00,
  0x8f, 0xa5, 0x6e, 0xe1, 0x00, 0x00, 0x00, 0x00, 0x08, 0xef, 0xfc, 0x40, 0x00, 0x00, 0x00, 0x00,
  0x00, 0x00, 0x00, 0x00, 0x00, 0x00, 0x00, 0xff, 0x80, 0x00, 0x00, 0x05, 0xff, 0x70, 0x00, 0xff,
  0x80, 0x00, 0x00, 0x2e, 0xff, 0x70, 0x00, 0xff, 0x80, 0x00, 0x00, 0xcf, 0xff, 0x70, 0x00, 0xff,
  0x80, 0x00, 0x09, 0xff, 0xff, 0x70, 0x00, 0xff, 0x80, 0x00, 0x5f, 0xfa, 0xff, 0x70, 0x00, 0xff,
  0x80, 0x02, 0xef, 0xc2, 0xff, 0x70, 0x00, 0xff, 0x80, 0x1c, 0xfe, 0x21, 0xff, 0x70, 0x00, 0xff,
  0x80, 0x9f, 0xf5, 0x01, 0xff, 0x70, 0x00, 0xff, 0x85, 0xff, 0x80, 0x01, 0xff, 0x70, 0x00, 0xff,
  0xbe, 0xfc, 0x00, 0x01, 0xff, 0x70, 0x00, 0xff, 0xff, 0xe2, 0x00, 0x01, 0xff, 0x70, 0x00, 0xff,
  0xff, 0x40, 0x00, 0x01, 0xff, 0x70, 0x00, 0xff, 0xf8, 0x00, 0x00, 0x01, 0xff, 0x70, 0x00, 0xff,
  0xb0, 0x00, 0x00, 0x01, 0xff, 0x70, 0x01, 0xff, 0x80, 0x00, 0x00, 0x2f, 0xf9, 0x00, 0x1f, 0xf8,
  0x00, 0x00, 0x0c, 0xfd, 0x10, 0x01, 0xff, 0x80, 0x00, 0x07, 0xff, 0x30, 0x00, 0x1f, 0xf8, 0x00,
  0x03, 0xff, 0x80, 0x00, 0x01, 0xff, 0x80, 0x00, 0xdf, 0xc0, 0x00, 0x00, 0x1f, 0xfa, 0x22, 0xaf,
  0xe2, 0x00, 0x00, 0x01, 0xff, 0xff, 0xff, 0xf7, 0x00, 0x00, 0x00, 0x1f, 0xff, 0xff, 0xff, 0xa0,
  0x00, 0x00, 0x01, 0xff, 0x92, 0x2b, 0xff, 0x60, 0x00, 0x00, 0x1f, 0xf8, 0x00, 0x1d, 0xfe, 0x20,
  0x00, 0x01, 0xff, 0x80, 0x00, 0x3f, 0xfb, 0x00, 0x00, 0x1f, 0xf8, 0x00, 0x00, 0x8f, 0xf7, 0x00,
  0x01, 0xff, 0x80, 0x00, 0x00, 0xcf, 0xf3, 0x00, 0x1f, 0xf8, 0x00, 0x00, 0x02, 0xff, 0xc0, 0x00,
  0x06, 0xff, 0xff, 0xff, 0xff, 0xfe, 0x00, 0x00, 0x06, 0xff, 0xff, 0xff, 0xff, 0xfe, 0x00, 0x00,
  0x07, 0xfe, 0x33, 0x33, 0x3c, 0xfe, 0x00, 0x00, 0x07, 0xfc, 0x00, 0x00, 0x0a, 0xfe, 0x00, 0x00,
  0x08, 0xfb, 0x00, 0x00, 0x0a, 0xfe, 0x00, 0x00, 0x09, 0xfb, 0x00, 0x00, 0x0a, 0xfe, 0x00, 0x00,
  0x09, 0xfa, 0x00, 0x00, 0x0a, 0xfe, 0x00, 0x00, 0x0a, 0xf9, 0x00, 0x00, 0x0a, 0xfe, 0x00, 0x00,
  0x0c, 0xf8, 0x00, 0x00, 0x0a, 0xfe, 0x00, 0x00, 0x0e, 0xf6, 0x00, 0x00, 0x0a, 0xfe, 0x00, 0x00,
  0x5f, 0xf3, 0x00, 0x00, 0x0a, 0xfe, 0x00, 0x24, 0xdf, 0xe0, 0x00, 0x00, 0x0a, 0xfe, 0x00, 0x9f,
  0xff, 0x70, 0x00, 0x00, 0x0a, 0xfe, 0x00, 0xaf, 0xf9, 0x00, 0x00, 0x00, 0x0a, 0xfe, 0x00, 0x12,
  0x10, 0x00, 0x00, 0x00, 0x00, 0x00, 0x00, 0x00, 0xff, 0x60, 0x00, 0x00, 0x00, 0x00, 0x3f, 0xf4,
  0x00, 0x0f, 0xfe, 0x10, 0x00, 0x00, 0x00, 0x0b, 0xff, 0x40, 0x00, 0xff, 0xf9, 0x00, 0x00, 0x00,
  0x05, 0xff, 0xf4, 0x00, 0x0f, 0xff, 0xf3, 0x00, 0x00, 0x01, 0xdf, 0xff, 0x40, 0x00, 0xff, 0xff,
  0xc0, 0x00, 0x00, 0x8f, 0xff, 0xf4, 0x00, 0x0f, 0xf9, 0xff, 0x60, 0x00, 0x2f, 0xf8, 0xff, 0x40,
  0x00, 0xff, 0x78, 0xfe, 0x10, 0x0b, 0xfb, 0x3f, 0xf4, 0x00, 0x0f, 0xf7, 0x1d, 0xf9, 0x05, 0xff,
  0x33, 0xff, 0x40, 0x00, 0xff, 0x70, 0x5f, 0xf4, 0xdf, 0x80, 0x3f, 0xf4, 0x00, 0x0f, 0xf7, 0x00,
  0xbf, 0xff, 0xd1, 0x03, 0xff, 0x40, 0x00, 0xff, 0x70, 0x02, 0xff, 0xf5, 0x00, 0x3f, 0xf4, 0x00,
  0x0f, 0xf7, 0x00, 0x08, 0xfb, 0x00, 0x03, 0xff, 0x40, 0x00, 0xff, 0x70, 0x00, 0x16, 0x20, 0x00,
  0x3f, 0xf4, 0x00, 0x0f, 0xf7, 0x00, 0x00, 0x00, 0x00, 0x03, 0xff, 0x40, 0x02, 0xff, 0x70, 0x00,
  0x00, 0x04, 0xff, 0x50, 0x02, 0xff, 0x70, 0x00, 0x00, 0x04, 0xff, 0x50, 0x02, 0xff, 0x70, 0x00,
  0x00, 0x04, 0xff, 0x50, 0x02, 0xff, 0x70, 0x00, 0x00, 0x04, 0xff, 0x50, 0x02, 0xff, 0x70, 0x00,
  0x00, 0x04, 0xff, 0x50, 0x02, 0xff, 0xa3, 0x33, 0x33, 0x37, 0xff, 0x50, 0x02, 0xff, 0xff, 0xff,
  0xff, 0xff, 0xff, 0x50, 0x02, 0xff, 0xff, 0xff, 0xff, 0xff, 0xff, 0x50, 0x02, 0xff, 0x70, 0x00,
  0x00, 0x04, 0xff, 0x50, 0x02, 0xff, 0x70, 0x00, 0x00, 0x04, 0xff, 0x50, 0x02, 0xff, 0x70, 0x00,
  0x00, 0x04, 0xff, 0x50, 0x02, 0xff, 0x70, 0x00, 0x00, 0x04, 0xff, 0x50, 0x02, 0xff, 0x70, 0x00,
  0x00, 0x04, 0xff, 0x50, 0x02, 0xff, 0x70, 0x00, 0x00, 0x04, 0xff, 0x50, 0x00, 0x00, 0x00, 0x02,
  0x32, 0x00, 0x00, 0x00, 0x00, 0x00, 0x03, 0xae, 0xff, 0xfe, 0x92, 0x00, 0x00, 0x00, 0x08, 0xff,
  0xff, 0xff, 0xff, 0xf6, 0x00, 0x00, 0x08, 0xff, 0xe7, 0x32, 0x38, 0xef, 0xf6, 0x00, 0x03, 0xff,
  0xc1, 0x00, 0x00, 0x02, 0xef, 0xe1, 0x00, 0xaf, 0xf2, 0x00, 0x00, 0x00, 0x05, 0xff, 0x80, 0x0e,
  0xfb, 0x00, 0x00, 0x00, 0x00, 0x0d, 0xfc, 0x01, 0xff, 0x80, 0x00, 0x00, 0x00, 0x00, 0xbf, 0xe0,
  0x1f, 0xf8, 0x00, 0x00, 0x00, 0x00, 0x0b, 0xfe, 0x00, 0xef, 0xb0, 0x00, 0x00, 0x00, 0x00, 0xdf,
  0xc0, 0x0a, 0xff, 0x20, 0x00, 0x00, 0x00, 0x5f, 0xf8, 0x00, 0x3f, 0xfc, 0x10, 0x00, 0x00, 0x2e,
  0xfe, 0x10, 0x00, 0x8f, 0xfe, 0x73, 0x13, 0x8e, 0xff, 0x60, 0x00, 0x00, 0x8f, 0xff, 0xff, 0xff,
  0xff, 0x60, 0x00, 0x00, 0x00, 0x3a, 0xef, 0xff, 0xe9, 0x20, 0x00, 0x00, 0x00, 0x00, 0x00, 0x23,
  0x20, 0x00, 0x00, 0x00, 0x00, 0xff, 0xff, 0xff, 0xff, 0xff, 0xff, 0x50, 0x00, 0xff, 0xff, 0xff,
  0xff, 0xff, 0xff, 0x50, 0x00, 0xff, 0xb3, 0x33, 0x33, 0x36, 0xff, 0x50, 0x00, 0xff, 0x80, 0x00,
  0x00, 0x03, 0xff, 0x50, 0x00, 0xff, 0x80, 0x00, 0x00, 0x03, 0xff, 0x50, 0x00, 0xff, 0x80, 0x00,
  0x00, 0x03, 0xff, 0x50, 0x00, 0xff, 0x80, 0x00, 0x00, 0x03, 0xff, 0x50, 0x00, 0xff, 0x80, 0x00,
  0x00, 0x03, 0xff, 0x50, 0x00, 0xff, 0x80, 0x00, 0x00, 0x03, 0xff, 0x50, 0x00, 0xff, 0x80, 0x00,
  0x00, 0x03, 0xff, 0x50, 0x00, 0xff, 0x80, 0x00, 0x00, 0x03, 0xff, 0x50, 0x00, 0xff, 0x80, 0x00,
  0x00, 0x03, 0xff, 0x50, 0x00, 0xff, 0x80, 0x00, 0x00, 0x03, 0xff, 0x50, 0x00, 0xff, 0x80, 0x00,
  0x00, 0x03, 0xff, 0x50, 0x02, 0xff, 0xff, 0xff, 0xec, 0x71, 0x00, 0x02, 0xff, 0xff, 0xff, 0xff,
  0xfe, 0x30, 0x02, 0xff, 0xa3, 0x33, 0x59, 0xff, 0xe0, 0x02, 0xff, 0x70, 0x00, 0x00, 0x7f, 0xf5,
  0x02, 0xff, 0x70, 0x00, 0x00, 0x2f, 0xf8, 0x02, 0xff, 0x70, 0x00, 0x00, 0x2f, 0xf8, 0x02, 0xff,
  0x70, 0x00, 0x00, 0x8f, 0xf5, 0x02, 0xff, 0xb4, 0x44, 0x5a, 0xff, 0xd0, 0x02, 0xff, 0xff, 0xff,
  0xff, 0xfd, 0x30, 0x02, 0xff, 0xfe, 0xee, 0xdb, 0x71, 0x00, 0x02, 0xff, 0x70, 0x00, 0x00, 0x00,
  0x00, 0x02, 0xff, 0x70, 0x00, 0x00, 0x00, 0x00, 0x02, 0xff, 0x70, 0x00, 0x00, 0x00, 0x00, 0x02,
  0xff, 0x70, 0x00, 0x00, 0x00, 0x00, 0x00, 0x00, 0x00, 0x02, 0x31, 0x00, 0x00, 0x00, 0x00, 0x3a,
  0xef, 0xff, 0xe9, 0x20, 0x00, 0x08, 0xff, 0xff, 0xff, 0xff, 0xe4, 0x00, 0x8f, 0xfe, 0x73, 0x23,
  0x8e, 0xf8, 0x03, 0xff, 0xc1, 0x00, 0x00, 0x02, 0x60, 0x0a, 0xff, 0x20, 0x00, 0x00, 0x00, 0x00,
  0x0e, 0xfb, 0x00, 0x00, 0x00, 0x00, 0x00, 0x1f, 0xf8, 0x00, 0x00, 0x00, 0x00, 0x00, 0x1f, 0xf8,
  0x00, 0x00, 0x00, 0x00, 0x00, 0x0e, 0xfb, 0x00, 0x00, 0x00, 0x00, 0x00, 0x0a, 0xff, 0x20, 0x00,
  0x00, 0x00, 0x00, 0x03, 0xff, 0xc1, 0x00, 0x00, 0x02, 0x70, 0x00, 0x9f, 0xfe, 0x73, 0x13, 0x8e,
  0xf8, 0x00, 0x08, 0xff, 0xff, 0xff, 0xff, 0xe4, 0x00, 0x00, 0x3a, 0xef, 0xff, 0xe9, 0x10, 0x00,
  0x00, 0x00, 0x02, 0x32, 0x00, 0x00, 0xbf, 0xff, 0xff, 0xff, 0xff, 0xff, 0x2b, 0xff, 0xff, 0xff,
  0xff, 0xff, 0xf2, 0x23, 0x33, 0x4f, 0xfa, 0x33, 0x33, 0x00, 0x00, 0x01, 0xff, 0x70, 0x00, 0x00,
  0x00, 0x00, 0x1f, 0xf7, 0x00, 0x00, 0x00, 0x00, 0x01, 0xff, 0x70, 0x00, 0x00, 0x00, 0x00, 0x1f,
  0xf7, 0x00, 0x00, 0x00, 0x00, 0x01, 0xff, 0x70, 0x00, 0x00, 0x00, 0x00, 0x1f, 0xf7, 0x00, 0x00,
  0x00, 0x00, 0x01, 0xff, 0x70, 0x00, 0x00, 0x00, 0x00, 0x1f, 0xf7, 0x00, 0x00, 0x00, 0x00, 0x01,
  0xff, 0x70, 0x00, 0x00, 0x00, 0x00, 0x1f, 0xf7, 0x00, 0x00, 0x00, 0x00, 0x01, 0xff, 0x70, 0x00,
  0x00, 0x7f, 0xf4, 0x00, 0x00, 0x00, 0x0c, 0xfb, 0x1e, 0xfc, 0x00, 0x00, 0x00, 0x5f, 0xf3, 0x06,
  0xff, 0x40, 0x00, 0x00, 0xdf, 0xa0, 0x00, 0xdf, 0xc0, 0x00, 0x06, 0xff, 0x20, 0x00, 0x5f, 0xf4,
  0x00, 0x0d, 0xf8, 0x00, 0x00, 0x0c, 0xfc, 0x00, 0x6f, 0xe1, 0x00, 0x00, 0x04, 0xff, 0x41, 0xef,
  0x70, 0x00, 0x00, 0x00, 0xbf, 0xc7, 0xfe, 0x10, 0x00, 0x00, 0x00, 0x3f, 0xff, 0xf6, 0x00, 0x00,
  0x00, 0x00, 0x0a, 0xff, 0xd0, 0x00, 0x00, 0x00, 0x00, 0x06, 0xff, 0x50, 0x00, 0x00, 0x00, 0x10,
  0x3d, 0xfb, 0x00, 0x00, 0x00, 0x01, 0xff, 0xff, 0xe2, 0x00, 0x00, 0x00, 0x05, 0xff, 0xfc, 0x30,
  0x00, 0x00, 0x00, 0x00, 0x24, 0x20, 0x00, 0x00, 0x00, 0x00, 0x00, 0x00, 0x00, 0x00, 0x78, 0x50,
  0x00, 0x00, 0x00, 0x00, 0x00, 0x00, 0x00, 0x1e, 0xfa, 0x00, 0x00, 0x00, 0x00, 0x00, 0x00, 0x6a,
  0xef, 0xff, 0xff, 0xd9, 0x40, 0x00, 0x00, 0x03, 0xdf, 0xff, 0xff, 0xff, 0xff, 0xff, 0xb1, 0x00,
  0x02, 0xef, 0xf9, 0x30, 0xcf, 0x91, 0x4a, 0xff, 0xc0, 0x00, 0xaf, 0xf4, 0x00, 0x0c, 0xf9, 0x00,
  0x07, 0xff, 0x60, 0x0f, 0xf9, 0x00, 0x00, 0xcf, 0x90, 0x00, 0x0d, 0xfb, 0x02, 0xff, 0x60, 0x00,
  0x0c, 0xf9, 0x00, 0x00, 0x9f, 0xd0, 0x2f, 0xf6, 0x00, 0x00, 0xcf, 0x90, 0x00, 0x09, 0xfd, 0x00,
  0xff, 0xa0, 0x00, 0x0c, 0xf9, 0x00, 0x00, 0xdf, 0xb0, 0x0a, 0xff, 0x50, 0x00, 0xcf, 0x90, 0x00,
  0x8f, 0xf5, 0x00, 0x2e, 0xff, 0xa4, 0x1c, 0xf9, 0x15, 0xbf, 0xfb, 0x00, 0x00, 0x2c, 0xff, 0xff,
  0xff, 0xff, 0xff, 0xfa, 0x10, 0x00, 0x00, 0x05, 0x9d, 0xff, 0xff, 0xfd, 0x93, 0x00, 0x00, 0x00,
  0x00, 0x00, 0x00, 0xdf, 0x90, 0x00, 0x00, 0x00, 0x00, 0x00, 0x00, 0x00, 0x07, 0x85, 0x00, 0x00,
  0x00, 0x00, 0x2e, 0xfd, 0x10, 0x00, 0x03, 0xff, 0xc0, 0x06, 0xff, 0xa0, 0x00, 0x1d, 0xff, 0x30,
  0x00, 0xaf, 0xf5, 0x00, 0x9f, 0xf7, 0x00, 0x00, 0x1e, 0xfe, 0x24, 0xff, 0xb0, 0x00, 0x00, 0x04,
  0xff, 0xce, 0xfe, 0x20, 0x00, 0x00, 0x00, 0x9f, 0xff, 0xf5, 0x00, 0x00, 0x00, 0x00, 0x1d, 0xff,
  0xb0, 0x00, 0x00, 0x00, 0x00, 0x3f, 0xff, 0xe2, 0x00, 0x00, 0x00, 0x00, 0xdf, 0xff, 0xfb, 0x00,
  0x00, 0x00, 0x09, 0xff, 0x7a, 0xff, 0x70, 0x00, 0x00, 0x4f, 0xfb, 0x01, 0xef, 0xf3, 0x00, 0x01,
  0xef, 0xe2, 0x00, 0x4f, 0xfc, 0x00, 0x0a, 0xff, 0x50, 0x00, 0x08, 0xff, 0x80, 0x6f, 0xf9, 0x00,
  0x00, 0x00, 0xcf, 0xf4, 0x00, 0xff, 0x80, 0x00, 0x00, 0x06, 0xff, 0x30, 0x00, 0x0f, 0xf8, 0x00,
  0x00, 0x00, 0x6f, 0xf3, 0x00, 0x00, 0xff, 0x80, 0x00, 0x00, 0x06, 0xff, 0x30, 0x00, 0x0f, 0xf8,
  0x00, 0x00, 0x00, 0x6f, 0xf3, 0x00, 0x00, 0xff, 0x80, 0x00, 0x00, 0x06, 0xff, 0x30, 0x00, 0x0f,
  0xf8, 0x00, 0x00, 0x00, 0x6f, 0xf3, 0x00, 0x00, 0xff, 0x80, 0x00, 0x00, 0x06, 0xff, 0x30, 0x00,
  0x0f, 0xf8, 0x00, 0x00, 0x00, 0x6f, 0xf3, 0x00, 0x00, 0xff, 0x80, 0x00, 0x00, 0x06, 0xff, 0x30,
  0x00, 0x0f, 0xf8, 0x00, 0x00, 0x00, 0x6f, 0xf3, 0x00, 0x00, 0xff, 0x80, 0x00, 0x00, 0x06, 0xff,
  0x30, 0x00, 0x0f, 0xfa, 0x33, 0x33, 0x33, 0x9f, 0xf6, 0x31, 0x00, 0xff, 0xff, 0xff, 0xff, 0xff,
  0xff, 0xff, 0x40, 0x0f, 0xff, 0xff, 0xff, 0xff, 0xff, 0xff, 0xf4, 0x00, 0x00, 0x00, 0x00, 0x00,
  0x00, 0x02, 0xff, 0x40, 0x00, 0x00, 0x00, 0x00, 0x00, 0x00, 0x2f, 0xf4, 0x00, 0x00, 0x00, 0x00,
  0x00, 0x00, 0x02, 0xff, 0x40, 0x00, 0x00, 0x00, 0x00, 0x00, 0x00, 0x01, 0x10, 0x7f, 0xf2, 0x00,
  0x00, 0x01, 0xff, 0x70, 0x7f, 0xf2, 0x00, 0x00, 0x01, 0xff, 0x70, 0x7f, 0xf2, 0x00, 0x00, 0x01,
  0xff, 0x70, 0x7f, 0xf2, 0x00, 0x00, 0x01, 0xff, 0x70, 0x6f, 0xf3, 0x00, 0x00, 0x01, 0xff, 0x70,
  0x5f, 0xf6, 0x00, 0x00, 0x01, 0xff, 0x70, 0x1f, 0xfe, 0x40, 0x00, 0x18, 0xff, 0x70, 0x08, 0xff,
  0xfd, 0xcd, 0xff, 0xff, 0x70, 0x00, 0x8e, 0xff, 0xff, 0xfe, 0xff, 0x70, 0x00, 0x01, 0x56, 0x65,
  0x21, 0xff, 0x70, 0x00, 0x00, 0x00, 0x00, 0x01, 0xff, 0x70, 0x00, 0x00, 0x00, 0x00, 0x01, 0xff,
  0x70, 0x00, 0x00, 0x00, 0x00, 0x01, 0xff, 0x70, 0x00, 0x00, 0x00, 0x00, 0x01, 0xff, 0x70, 0x00,
  0xff, 0x80, 0x00, 0x05, 0xff, 0x40, 0x00, 0x09, 0xff, 0x00, 0x00, 0xff, 0x80, 0x00, 0x05, 0xff,
  0x40, 0x00, 0x09, 0xff, 0x00, 0x00, 0xff, 0x80, 0x00, 0x05, 0xff, 0x40, 0x00, 0x09, 0xff, 0x00,
  0x00, 0xff, 0x80, 0x00, 0x05, 0xff, 0x40, 0x00, 0x09, 0xff, 0x00, 0x00, 0xff, 0x80, 0x00, 0x05,
  0xff, 0x40, 0x00, 0x09, 0xff, 0x00, 0x00, 0xff, 0x80, 0x00, 0x05, 0xff, 0x40, 0x00, 0x09, 0xff,
  0x00, 0x00, 0xff, 0x80, 0x00, 0x05, 0xff, 0x40, 0x00, 0x09, 0xff, 0x00, 0x00, 0xff, 0x80, 0x00,
  0x05, 0xff, 0x40, 0x00, 0x09, 0xff, 0x00, 0x00, 0xff, 0x80, 0x00, 0x05, 0xff, 0x40, 0x00, 0x09,
  0xff, 0x00, 0x00, 0xff, 0x80, 0x00, 0x05, 0xff, 0x40, 0x00, 0x09, 0xff, 0x00, 0x00, 0xff, 0x80,
  0x00, 0x05, 0xff, 0x40, 0x00, 0x09, 0xff, 0x00, 0x00, 0xff, 0xb3, 0x33, 0x38, 0xff, 0x73, 0x33,
  0x3c, 0xff, 0x00, 0x00, 0xff, 0xff, 0xff, 0xff, 0xff, 0xff, 0xff, 0xff, 0xff, 0x00, 0x00, 0xff,
  0xff, 0xff, 0xff, 0xff, 0xff, 0xff, 0xff, 0xff, 0x00, 0x00, 0xff, 0x80, 0x00, 0x05, 0xff, 0x40,
  0x00, 0x09, 0xff, 0x00, 0x00, 0x0f, 0xf8, 0x00, 0x00, 0x5f, 0xf4, 0x00, 0x00, 0x9f, 0xf0, 0x00,
  0x00, 0xff, 0x80, 0x00, 0x05, 0xff, 0x40, 0x00, 0x09, 0xff, 0x00, 0x00, 0x0f, 0xf8, 0x00, 0x00,
  0x5f, 0xf4, 0x00, 0x00, 0x9f, 0xf0, 0x00, 0x00, 0xff, 0x80, 0x00, 0x05, 0xff, 0x40, 0x00, 0x09,
  0xff, 0x00, 0x00, 0x0f, 0xf8, 0x00, 0x00, 0x5f, 0xf4, 0x00, 0x00, 0x9f, 0xf0, 0x00, 0x00, 0xff,
  0x80, 0x00, 0x05, 0xff, 0x40, 0x00, 0x09, 0xff, 0x00, 0x00, 0x0f, 0xf8, 0x00, 0x00, 0x5f, 0xf4,
  0x00, 0x00, 0x9f, 0xf0, 0x00, 0x00, 0xff, 0x80, 0x00, 0x05, 0xff, 0x40, 0x00, 0x09, 0xff, 0x00,
  0x00, 0x0f, 0xf8, 0x00, 0x00, 0x5f, 0xf4, 0x00, 0x00, 0x9f, 0xf0, 0x00, 0x00, 0xff, 0x80, 0x00,
  0x05, 0xff, 0x40, 0x00, 0x09, 0xff, 0x00, 0x00, 0x0f, 0xfb, 0x33, 0x33, 0x8f, 0xf7, 0x33, 0x33,
  0xcf, 0xf3, 0x31, 0x00, 0xff, 0xff, 0xff, 0xff, 0xff, 0xff, 0xff, 0xff, 0xff, 0xff, 0x70, 0x0f,
  0xff, 0xff, 0xff, 0xff, 0xff, 0xff, 0xff, 0xff, 0xff, 0xf7, 0x00, 0x00, 0x00, 0x00, 0x00, 0x00,
  0x00, 0x00, 0x00, 0x00, 0xef, 0x70, 0x00, 0x00, 0x00, 0x00, 0x00, 0x00, 0x00, 0x00, 0x00, 0x0e,
  0xf7, 0x00, 0x00, 0x00, 0x00, 0x00, 0x00, 0x00, 0x00, 0x00, 0x00, 0xef, 0x70, 0xbf, 0xff, 0xff,
  0xe0, 0x00, 0x00, 0x00, 0x00, 0x0b, 0xff, 0xff, 0xfe, 0x00, 0x00, 0x00, 0x00, 0x00, 0x23, 0x33,
  0xbf, 0xe0, 0x00, 0x00, 0x00, 0x00, 0x00, 0x00, 0x09, 0xfe, 0x00, 0x00, 0x00, 0x00, 0x00, 0x00,
  0x00, 0x9f, 0xe4, 0x44, 0x43, 0x10, 0x00, 0x00, 0x00, 0x09, 0xff, 0xff, 0xff, 0xff, 0xc4, 0x00,
  0x00, 0x00, 0x9f, 0xfb, 0xbb, 0xbd, 0xff, 0xf4, 0x00, 0x00, 0x09, 0xfe, 0x00, 0x00, 0x05, 0xff,
  0xb0, 0x00, 0x00, 0x9f, 0xe0, 0x00, 0x00, 0x0b, 0xff, 0x00, 0x00, 0x09, 0xfe, 0x00, 0x00, 0x00,
  0xaf, 0xf0, 0x00, 0x00, 0x9f, 0xe0, 0x00, 0x00, 0x0d, 0xfd, 0x00, 0x00, 0x09, 0xfe, 0x00, 0x00,
  0x3a, 0xff, 0x80, 0x00, 0x00, 0x9f, 0xff, 0xff, 0xff, 0xff, 0xc1, 0x00, 0x00, 0x09, 0xff, 0xff,
  0xff, 0xeb, 0x60, 0x00, 0x00, 0xff, 0x80, 0x00, 0x00, 0x00, 0x00, 0x00, 0xff, 0x80, 0x00, 0xff,
  0x80, 0x00, 0x00, 0x00, 0x00, 0x00, 0xff, 0x80, 0x00, 0xff, 0x80, 0x00, 0x00, 0x00, 0x00, 0x00,
  0xff, 0x80, 0x00, 0xff, 0x80, 0x00, 0x00, 0x00, 0x00, 0x00, 0xff, 0x80, 0x00, 0xff, 0xa4, 0x44,
  0x43, 0x00, 0x00, 0x00, 0xff, 0x80, 0x00, 0xff, 0xff, 0xff, 0xff, 0xf9, 0x10, 0x00, 0xff, 0x80,
  0x00, 0xff, 0xdb, 0xbb, 0xce, 0xff, 0xc0, 0x00, 0xff, 0x80, 0x00, 0xff, 0x80, 0x00, 0x01, 0xaf,
  0xf5, 0x00, 0xff, 0x80, 0x00, 0xff, 0x80, 0x00, 0x00, 0x2f, 0xf9, 0x00, 0xff, 0x80, 0x00, 0xff,
  0x80, 0x00, 0x00, 0x0f, 0xf9, 0x00, 0xff, 0x80, 0x00, 0xff, 0x80, 0x00, 0x00, 0x4f, 0xf7, 0x00,
  0xff, 0x80, 0x00, 0xff, 0x80, 0x00, 0x15, 0xdf, 0xf2, 0x00, 0xff, 0x80, 0x00, 0xff, 0xff, 0xff,
  0xff, 0xff, 0x60, 0x00, 0xff, 0x80, 0x00, 0xff, 0xff, 0xff, 0xfd, 0xa3, 0x00, 0x00, 0xff, 0x80,
  0x00, 0xff, 0x80, 0x00, 0x00, 0x00, 0x00, 0x00, 0xff, 0x80, 0x00, 0x00, 0x00, 0x00, 0x00, 0xff,
  0x80, 0x00, 0x00, 0x00, 0x00, 0x00, 0xff, 0x80, 0x00, 0x00, 0x00, 0x00, 0x00, 0xff, 0xa4, 0x44,
  0x43, 0x00, 0x00, 0x00, 0xff, 0xff, 0xff, 0xff, 0xf9, 0x10, 0x00, 0xff, 0xdb, 0xbb, 0xce, 0xff,
  0xc0, 0x00, 0xff, 0x80, 0x00, 0x01, 0xaf, 0xf5, 0x00, 0xff, 0x80, 0x00, 0x00, 0x2f, 0xf9, 0x00,
  0xff, 0x80, 0x00, 0x00, 0x0f, 0xf9, 0x00, 0xff, 0x80, 0x00, 0x00, 0x4f, 0xf7, 0x00, 0xff, 0x80,
  0x00, 0x15, 0xdf, 0xf2, 0x00, 0xff, 0xff, 0xff, 0xff, 0xff, 0x60, 0x00, 0xff, 0xff, 0xff, 0xfd,
  0xa3, 0x00, 0x00, 0x00, 0x12, 0x21, 0x00, 0x00, 0x00, 0x00, 0x6c, 0xff, 0xff, 0xc6, 0x00, 0x00,
  0x1b, 0xff, 0xff, 0xff, 0xff, 0xb1, 0x00, 0x3e, 0xfb, 0x52, 0x25, 0xcf, 0xfb, 0x00, 0x03, 0x60,
  0x00, 0x00, 0x0a, 0xff, 0x60, 0x00, 0x00, 0x00, 0x00, 0x01, 0xef, 0xd0, 0x00, 0x00, 0x12, 0x22,
  0x22, 0xbf, 0xf2, 0x00, 0x00, 0xbf, 0xff, 0xff, 0xff, 0xf3, 0x00, 0x00, 0xae, 0xee, 0xee, 0xff,
  0xf3, 0x00, 0x00, 0x00, 0x00, 0x00, 0x9f, 0xf2, 0x00, 0x00, 0x00, 0x00, 0x01, 0xef, 0xd0, 0x03,
  0x60, 0x00, 0x00, 0x0a, 0xff, 0x60, 0x3e, 0xfa, 0x52, 0x25, 0xcf, 0xfb, 0x00, 0x1b, 0xff, 0xff,
  0xff, 0xff, 0xb1, 0x00, 0x00, 0x6c, 0xff, 0xff, 0xc6, 0x00, 0x00, 0x00, 0x00, 0x12, 0x21, 0x00,
  0x00, 0x00, 0x00, 0x00, 0x00, 0x00, 0x00, 0x00, 0x12, 0x21, 0x00, 0x00, 0x00, 0x00, 0xff, 0x80,
  0x00, 0x00, 0x5c, 0xff, 0xff, 0xb4, 0x00, 0x00, 0x00, 0xff, 0x80, 0x00, 0x1b, 0xff, 0xff, 0xff,
  0xff, 0xa0, 0x00, 0x00, 0xff, 0x80, 0x00, 0xcf, 0xfc, 0x52, 0x26, 0xdf, 0xfa, 0x00, 0x00, 0xff,
  0x80, 0x07, 0xff, 0xa0, 0x00, 0x00, 0x1b, 0xff, 0x50, 0x00, 0xff, 0x80, 0x0d, 0xfe, 0x10, 0x00,
  0x00, 0x01, 0xef, 0xb0, 0x00, 0xff, 0xa4, 0x6f, 0xf8, 0x00, 0x00, 0x00, 0x00, 0xaf, 0xf1, 0x00,
  0xff, 0xff, 0xff, 0xf6, 0x00, 0x00, 0x00, 0x00, 0x7f, 0xf2, 0x00, 0xff, 0xff, 0xff, 0xf6, 0x00,
  0x00, 0x00, 0x00, 0x7f, 0xf2, 0x00, 0xff, 0x91, 0x3f, 0xf8, 0x00, 0x00, 0x00, 0x00, 0xaf, 0xf1,
  0x00, 0xff, 0x80, 0x0d, 0xfd, 0x10, 0x00, 0x00, 0x01, 0xef, 0xb0, 0x00, 0xff, 0x80, 0x07, 0xff,
  0xa0, 0x00, 0x00, 0x1b, 0xff, 0x50, 0x00, 0xff, 0x80, 0x00, 0xcf, 0xfc, 0x52, 0x25, 0xdf, 0xfa,
  0x00, 0x00, 0xff, 0x80, 0x00, 0x1b, 0xff, 0xff, 0xff, 0xff, 0xa0, 0x00, 0x00, 0xff, 0x80, 0x00,
  0x00, 0x6c, 0xff, 0xff, 0xb5, 0x00, 0x00, 0x00, 0x00, 0x00, 0x00, 0x00, 0x00, 0x12, 0x21, 0x00,
  0x00, 0x00, 0x00, 0x04, 0x9d, 0xff, 0xff, 0xff, 0xa0, 0x00, 0x08, 0xff, 0xff, 0xff, 0xff, 0xfa,
  0x00, 0x05, 0xff, 0xd6, 0x43, 0x33, 0xff, 0xa0, 0x00, 0xbf, 0xe2, 0x00, 0x00, 0x0e, 0xfa, 0x00,
  0x0e, 0xfb, 0x00, 0x00, 0x00, 0xef, 0xa0, 0x00, 0xff, 0xa0, 0x00, 0x00, 0x0e, 0xfa, 0x00, 0x0d,
  0xfe, 0x10, 0x00, 0x00, 0xef, 0xa0, 0x00, 0x7f, 0xfb, 0x41, 0x00, 0x0e, 0xfa, 0x00, 0x00, 0xbf,
  0xff, 0xff, 0xff, 0xff, 0xa0, 0x00, 0x00, 0x7f, 0xff, 0xff, 0xff, 0xfa, 0x00, 0x00, 0x08, 0xff,
  0x32, 0x22, 0xff, 0xa0, 0x00, 0x04, 0xff, 0x60, 0x00, 0x0e, 0xfa, 0x00, 0x01, 0xdf, 0xb0, 0x00,
  0x00, 0xef, 0xa0, 0x00, 0xaf, 0xe2, 0x00, 0x00, 0x0e, 0xfa, 0x00, 0x00, 0x38, 0xbc, 0xb9, 0x30,
  0x00, 0x08, 0xff, 0xff, 0xff, 0xf7, 0x00, 0x04, 0xfa, 0x65, 0x7e, 0xff, 0x20, 0x00, 0x20, 0x00,
  0x03, 0xff, 0x70, 0x00, 0x01, 0x33, 0x44, 0xff, 0x80, 0x01, 0xaf, 0xff, 0xff, 0xff, 0x90, 0x0b,
  0xfe, 0x87, 0x66, 0xff, 0x90, 0x1f, 0xf7, 0x00, 0x00, 0xef, 0x90, 0x1f, 0xf9, 0x00, 0x08, 0xff,
  0x90, 0x0a, 0xff, 0xdb, 0xdf, 0xff, 0x90, 0x01, 0x8e, 0xff, 0xd6, 0xcf, 0x90, 0x00, 0x00, 0x11,
  0x00, 0x00, 0x00, 0x00, 0x00, 0x00, 0x00, 0x00, 0x01, 0x00, 0x00, 0x00, 0x01, 0x48, 0xbe, 0xb0,
  0x00, 0x00, 0x5b, 0xff, 0xff, 0xfe, 0x00, 0x00, 0xaf, 0xff, 0xfc, 0x96, 0x20, 0x00, 0x8f, 0xfb,
  0x40, 0x00, 0x00, 0x00, 0x2f, 0xf8, 0x00, 0x00, 0x00, 0x00, 0x08, 0xfd, 0x16, 0xab, 0xa6, 0x00,
  0x00, 0xbf, 0xad, 0xff, 0xff, 0xfc, 0x20, 0x0d, 0xff, 0xfa, 0x66, 0xbf, 0xfc, 0x00, 0xef, 0xf6,
  0x00, 0x00, 0x9f, 0xf5, 0x0d, 0xff, 0x00, 0x00, 0x01, 0xff, 0x80, 0xbf, 0xd0, 0x00, 0x00, 0x0f,
  0xf8, 0x07, 0xff, 0x30, 0x00, 0x04, 0xff, 0x60, 0x2e, 0xfd, 0x30, 0x03, 0xdf, 0xe1, 0x00, 0x6f,
  0xff, 0xdd, 0xff, 0xf4, 0x00, 0x00, 0x4c, 0xff, 0xff, 0xa2, 0x00, 0x00, 0x00, 0x01, 0x32, 0x00,
  0x00, 0x00, 0x03, 0xaa, 0xaa, 0xa9, 0x72, 0x00, 0x05, 0xff, 0xff, 0xff, 0xff, 0x70, 0x05, 0xff,
  0x32, 0x24, 0xcf, 0xe0, 0x05, 0xff, 0x10, 0x00, 0x7f, 0xf0, 0x05, 0xff, 0x43, 0x35, 0xdf, 0x90,
  0x05, 0xff, 0xff, 0xff, 0xfc, 0x10, 0x05, 0xff, 0x77, 0x77, 0xcf, 0xd1, 0x05, 0xff, 0x10, 0x00,
  0x2f, 0xf4, 0x05, 0xff, 0x10, 0x00, 0x5f, 0xf5, 0x05, 0xff, 0xdc, 0xcd, 0xff, 0xd1, 0x05, 0xff,
  0xff, 0xff, 0xd9, 0x20, 0x03, 0xaa, 0xaa, 0xaa, 0xa9, 0x05, 0xff, 0xff, 0xff, 0xfd, 0x05, 0xff,
  0xa7, 0x77, 0x76, 0x05, 0xff, 0x30, 0x00, 0x00, 0x05, 0xff, 0x30, 0x00, 0x00, 0x05, 0xff, 0x30,
  0x00, 0x00, 0x05, 0xff, 0x30, 0x00, 0x00, 0x05, 0xff, 0x30, 0x00, 0x00, 0x05, 0xff, 0x30, 0x00,
  0x00, 0x05, 0xff, 0x30, 0x00, 0x00, 0x05, 0xff, 0x30, 0x00, 0x00, 0x00, 0x3a, 0xaa, 0xaa, 0xaa,
  0xa5, 0x00, 0x00, 0x5f, 0xff, 0xff, 0xff, 0xf8, 0x00, 0x00, 0x6f, 0xe7, 0x77, 0x7f, 0xf8, 0x00,
  0x00, 0x6f, 0xd0, 0x00, 0x0f, 0xf8, 0x00, 0x00, 0x7f, 0xc0, 0x00, 0x0f, 0xf8, 0x00, 0x00, 0x9f,
  0xb0, 0x00, 0x0f, 0xf8, 0x00, 0x00, 0xbf, 0x90, 0x00, 0x0f, 0xf8, 0x00, 0x00, 0xef, 0x60, 0x00,
  0x0f, 0xf8, 0x00, 0x2a, 0xff, 0x32, 0x22, 0x2f, 0xf9, 0x20, 0xcf, 0xff, 0xff, 0xff, 0xff, 0xff,
  0xf1, 0xcf, 0xff, 0xff, 0xff, 0xff, 0xff, 0xf1, 0xcf, 0x80, 0x00, 0x00, 0x00, 0x4f, 0xf1, 0xcf,
  0x80, 0x00, 0x00, 0x00, 0x4f, 0xf1, 0x56, 0x30, 0x00, 0x00, 0x00, 0x26, 0x60, 0x00, 0x02, 0x8b,
  0xca, 0x50, 0x00, 0x00, 0x06, 0xff, 0xff, 0xff, 0xc1, 0x00, 0x04, 0xff, 0xb5, 0x47, 0xef, 0xb0,
  0x00, 0xcf, 0xb0, 0x00, 0x03, 0xff, 0x40, 0x2f, 0xf8, 0x33, 0x33, 0x3f, 0xf8, 0x03, 0xff, 0xff,
  0xff, 0xff, 0xff, 0xa0, 0x2f, 0xfb, 0x77, 0x77, 0x77, 0x74, 0x00, 0xef, 0xa0, 0x00, 0x00, 0x00,
  0x00, 0x07, 0xff, 0xa2, 0x01, 0x5d, 0x30, 0x00, 0x0a, 0xff, 0xff, 0xff, 0xfb, 0x00, 0x00, 0x05,
  0xcf, 0xff, 0xd7, 0x10, 0x00, 0x00, 0x00, 0x01, 0x10, 0x00, 0x00, 0x4a, 0xa3, 0x00, 0x05, 0xaa,
  0x00, 0x00, 0x8a, 0x90, 0x0c, 0xfc, 0x00, 0x07, 0xff, 0x00, 0x04, 0xff, 0x60, 0x03, 0xff, 0x60,
  0x07, 0xff, 0x00, 0x0d, 0xfb, 0x00, 0x00, 0x8f, 0xe1, 0x07, 0xff, 0x00, 0x7f, 0xf2, 0x00, 0x00,
  0x1d, 0xfe, 0x5c, 0xff, 0x57, 0xff, 0x70, 0x00, 0x00, 0x0a, 0xff, 0xff, 0xff, 0xff, 0xff, 0x10,
  0x00, 0x00, 0x1e, 0xff, 0xbf, 0xff, 0xbf, 0xff, 0x80, 0x00, 0x00, 0x9f, 0xf4, 0x07, 0xff, 0x00,
  0xbf, 0xf3, 0x00, 0x04, 0xff, 0xa0, 0x07, 0xff, 0x00, 0x2f, 0xfc, 0x00, 0x0d, 0xfe, 0x20, 0x07,
  0xff, 0x00, 0x07, 0xff, 0x70, 0x8f, 0xf7, 0x00, 0x07, 0xff, 0x00, 0x00, 0xdf, 0xe2, 0x02, 0x7a,
  0xcc, 0xb7, 0x10, 0x00, 0xef, 0xff, 0xff, 0xfe, 0x30, 0x09, 0xa6, 0x44, 0x8f, 0xfb, 0x00, 0x00,
  0x00, 0x00, 0xcf, 0xc0, 0x00, 0x05, 0x55, 0x9f, 0xf5, 0x00, 0x00, 0xef, 0xff, 0xf8, 0x00, 0x00,
  0x05, 0x56, 0x8e, 0xfa, 0x00, 0x00, 0x00, 0x00, 0x7f, 0xf2, 0x09, 0x41, 0x00, 0x2c, 0xff, 0x14,
  0xff, 0xfe, 0xef, 0xff, 0x80, 0x17, 0xcf, 0xff, 0xfc, 0x50, 0x00, 0x00, 0x12, 0x21, 0x00, 0x00,
  0x03, 0xaa, 0x20, 0x00, 0x02, 0xaa, 0x30, 0x05, 0xff, 0x30, 0x00, 0x1d, 0xff, 0x50, 0x05, 0xff,
  0x30, 0x00, 0xbf, 0xff, 0x50, 0x05, 0xff, 0x30, 0x09, 0xff, 0xff, 0x50, 0x05, 0xff, 0x30, 0x6f,
  0xf8, 0xff, 0x50, 0x05, 0xff, 0x34, 0xff, 0x92, 0xff, 0x50, 0x05, 0xff, 0x5e, 0xfb, 0x02, 0xff,
  0x50, 0x05, 0xff, 0xef, 0xd1, 0x02, 0xff, 0x50, 0x05, 0xff, 0xfe, 0x20, 0x02, 0xff, 0x50, 0x05,
  0xff, 0xf4, 0x00, 0x02, 0xff, 0x50, 0x05, 0xff, 0x60, 0x00, 0x02, 0xff, 0x50, 0x00, 0x0a, 0xc0,
  0x00, 0xda, 0x00, 0x00, 0x00, 0x08, 0xf9, 0x5a, 0xf7, 0x00, 0x00, 0x00, 0x00, 0x9e, 0xfe, 0x80,
  0x00, 0x00, 0x00, 0x00, 0x00, 0x00, 0x00, 0x00, 0x00, 0x03, 0xaa, 0x20, 0x00, 0x02, 0xaa, 0x30,
  0x05, 0xff, 0x30, 0x00, 0x1d, 0xff, 0x50, 0x05, 0xff, 0x30, 0x00, 0xbf, 0xff, 0x50, 0x05, 0xff,
  0x30, 0x09, 0xff, 0xff, 0x50, 0x05, 0xff, 0x30, 0x6f, 0xf8, 0xff, 0x50, 0x05, 0xff, 0x34, 0xff,
  0x92, 0xff, 0x50, 0x05, 0xff, 0x5e, 0xfb, 0x02, 0xff, 0x50, 0x05, 0xff, 0xef, 0xd1, 0x02, 0xff,
  0x50, 0x05, 0xff, 0xfe, 0x20, 0x02, 0xff, 0x50, 0x05, 0xff, 0xf4, 0x00, 0x02, 0xff, 0x50, 0x05,
  0xff, 0x60, 0x00, 0x02, 0xff, 0x50, 0x03, 0xaa, 0x20, 0x00, 0x09, 0xa8, 0x00, 0x5f, 0xf3, 0x00,
  0x08, 0xfe, 0x30, 0x05, 0xff, 0x30, 0x04, 0xff, 0x60, 0x00, 0x5f, 0xf3, 0x01, 0xef, 0x90, 0x00,
  0x05, 0xff, 0x85, 0xff, 0xc1, 0x00, 0x00, 0x5f, 0xff, 0xff, 0xf5, 0x00, 0x00, 0x05, 0xff, 0xed,
  0xff, 0xd1, 0x00, 0x00, 0x5f, 0xf3, 0x05, 0xff, 0xa0, 0x00, 0x05, 0xff, 0x30, 0x08, 0xff, 0x60,
  0x00, 0x5f, 0xf3, 0x00, 0x0c, 0xff, 0x30, 0x05, 0xff, 0x30, 0x00, 0x2e, 0xfd, 0x10, 0x00, 0x3a,
  0xaa, 0xaa, 0xaa, 0xa4, 0x00, 0x05, 0xff, 0xff, 0xff, 0xff, 0x50, 0x00, 0x6f, 0xf7, 0x77, 0x9f,
  0xf5, 0x00, 0x06, 0xfc, 0x00, 0x02, 0xff, 0x50, 0x00, 0x7f, 0xb0, 0x00, 0x2f, 0xf5, 0x00, 0x08,
  0xfa, 0x00, 0x02, 0xff, 0x50, 0x00, 0xaf, 0x90, 0x00, 0x2f, 0xf5, 0x00, 0x0d, 0xf7, 0x00, 0x02,
  0xff, 0x50, 0x16, 0xff, 0x40, 0x00, 0x2f, 0xf5, 0x0c, 0xff, 0xd0, 0x00, 0x02, 0xff, 0x50, 0xdf,
  0xe4, 0x00, 0x00, 0x2f, 0xf5, 0x01, 0x31, 0x00, 0x00, 0x00, 0x00, 0x00, 0x03, 0xaa, 0x50, 0x00,
  0x00, 0x01, 0xaa, 0x40, 0x05, 0xff, 0xe1, 0x00, 0x00, 0x09, 0xff, 0x60, 0x05, 0xff, 0xf8, 0x00,
  0x00, 0x3f, 0xff, 0x60, 0x05, 0xff, 0xff, 0x20, 0x00, 0xcf, 0xff, 0x60, 0x05, 0xfe, 0xaf, 0xa0,
  0x06, 0xfc, 0xdf, 0x60, 0x05, 0xfe, 0x2e, 0xf4, 0x1e, 0xf3, 0xcf, 0x60, 0x05, 0xfe, 0x07, 0xfc,
  0x9f, 0x90, 0xcf, 0x60, 0x05, 0xfe, 0x00, 0xdf, 0xfe, 0x10, 0xcf, 0x60, 0x05, 0xfe, 0x00, 0x5f,
  0xf6, 0x00, 0xcf, 0x60, 0x05, 0xfe, 0x00, 0x0a, 0xb0, 0x00, 0xcf, 0x70, 0x05, 0xfe, 0x00, 0x00,
  0x00, 0x00, 0xcf, 0x70, 0x03, 0xaa, 0x20, 0x00, 0x04, 0xaa, 0x10, 0x05, 0xff, 0x30, 0x00, 0x07,
  0xff, 0x10, 0x05, 0xff, 0x30, 0x00, 0x07, 0xff, 0x10, 0x05, 0xff, 0x30, 0x00, 0x07, 0xff, 0x10,
  0x05, 0xff, 0x75, 0x55, 0x59, 0xff, 0x10, 0x05, 0xff, 0xff, 0xff, 0xff, 0xff, 0x10, 0x05, 0xff,
  0xcc, 0xcc, 0xcd, 0xff, 0x10, 0x05, 0xff, 0x30, 0x00, 0x07, 0xff, 0x10, 0x05, 0xff, 0x30, 0x00,
  0x07, 0xff, 0x10, 0x05, 0xff, 0x30, 0x00, 0x07, 0xff, 0x10, 0x05, 0xff, 0x30, 0x00, 0x07, 0xff,
  0x10, 0x00, 0x02, 0x7b, 0xca, 0x71, 0x00, 0x00, 0x05, 0xef, 0xff, 0xff, 0xe4, 0x00, 0x04, 0xff,
  0xd7, 0x58, 0xef, 0xe3, 0x00, 0xcf, 0xe1, 0x00, 0x02, 0xef, 0xa0, 0x2f, 0xf7, 0x00, 0x00, 0x09,
  0xff, 0x03, 0xff, 0x50, 0x00, 0x00, 0x6f, 0xf2, 0x2f, 0xf6, 0x00, 0x00, 0x07, 0xff, 0x10, 0xef,
  0xc0, 0x00, 0x00, 0xdf, 0xc0, 0x07, 0xff, 0xa2, 0x03, 0xbf, 0xf5, 0x00, 0x0a, 0xff, 0xff, 0xff,
  0xf8, 0x00, 0x00, 0x06, 0xcf, 0xff, 0xb5, 0x00, 0x00, 0x00, 0x00, 0x01, 0x00, 0x00, 0x00, 0x03,
  0xaa, 0xaa, 0xaa, 0xaa, 0xa9, 0x00, 0x05, 0xff, 0xff, 0xff, 0xff, 0xfe, 0x00, 0x05, 0xff, 0xa7,
  0x77, 0x7e, 0xfe, 0x00, 0x05, 0xff, 0x30, 0x00, 0x08, 0xfe, 0x00, 0x05, 0xff, 0x30, 0x00, 0x08,
  0xfe, 0x00, 0x05, 0xff, 0x30, 0x00, 0x08, 0xfe, 0x00, 0x05, 0xff, 0x30, 0x00, 0x08, 0xfe, 0x00,
  0x05, 0xff, 0x30, 0x00, 0x08, 0xfe, 0x00, 0x05, 0xff, 0x30, 0x00, 0x08, 0xfe, 0x00, 0x05, 0xff,
  0x30, 0x00, 0x08, 0xfe, 0x00, 0x05, 0xff, 0x30, 0x00, 0x08, 0xfe, 0x00, 0x04, 0xaa, 0x05, 0xac,
  0xb7, 0x10, 0x00, 0x05, 0xff, 0xbf, 0xff, 0xff, 0xe4, 0x00, 0x05, 0xff, 0xfc, 0x65, 0x9f, 0xfe,
  0x20, 0x05, 0xff, 0xc0, 0x00, 0x04, 0xff, 0x80, 0x05, 0xff, 0x40, 0x00, 0x00, 0xbf, 0xd0, 0x05,
  0xff, 0x20, 0x00, 0x00, 0x9f, 0xe0, 0x05, 0xff, 0x30, 0x00, 0x00, 0xaf, 0xd0, 0x05, 0xff, 0xa0,
  0x00, 0x02, 0xef, 0xa0, 0x05, 0xff, 0xf8, 0x21, 0x4d, 0xff, 0x40, 0x05, 0xff, 0xff, 0xff, 0xff,
  0xf7, 0x00, 0x05, 0xff, 0x4a, 0xff, 0xfc, 0x50, 0x00, 0x05, 0xff, 0x20, 0x01, 0x00, 0x00, 0x00,
  0x05, 0xff, 0x20, 0x00, 0x00, 0x00, 0x00, 0x05, 0xff, 0x20, 0x00, 0x00, 0x00, 0x00, 0x05, 0xdd,
  0x20, 0x00, 0x00, 0x00, 0x00, 0x00, 0x01, 0x7a, 0xcb, 0x71, 0x00, 0x00, 0x5e, 0xff, 0xff, 0xfe,
  0x30, 0x04, 0xff, 0xe7, 0x58, 0xef, 0xd0, 0x0c, 0xfe, 0x10, 0x00, 0x29, 0x10, 0x2f, 0xf7, 0x00,
  0x00, 0x00, 0x00, 0x3f, 0xf5, 0x00, 0x00, 0x00, 0x00, 0x2f, 0xf6, 0x00, 0x00, 0x00, 0x00, 0x0e,
  0xfc, 0x00, 0x00, 0x04, 0x00, 0x07, 0xff, 0xa3, 0x03, 0xbf, 0xa0, 0x00, 0xaf, 0xff, 0xff, 0xff,
  0x70, 0x00, 0x05, 0xcf, 0xff, 0xc5, 0x00, 0x00, 0x00, 0x00, 0x10, 0x00, 0x00, 0x9a, 0xaa, 0xaa,
  0xaa, 0xaa, 0x2d, 0xff, 0xff, 0xff, 0xff, 0xf2, 0x67, 0x78, 0xff, 0xc7, 0x77, 0x10, 0x00, 0x2f,
  0xf6, 0x00, 0x00, 0x00, 0x02, 0xff, 0x60, 0x00, 0x00, 0x00, 0x2f, 0xf6, 0x00, 0x00, 0x00, 0x02,
  0xff, 0x60, 0x00, 0x00, 0x00, 0x2f, 0xf6, 0x00, 0x00, 0x00, 0x02, 0xff, 0x60, 0x00, 0x00, 0x00,
  0x2f, 0xf6, 0x00, 0x00, 0x00, 0x02, 0xff, 0x60, 0x00, 0x00, 0x09, 0xa6, 0x00, 0x00, 0x00, 0x9a,
  0x50, 0x9f, 0xe1, 0x00, 0x00, 0x4f, 0xf2, 0x02, 0xff, 0x60, 0x00, 0x0a, 0xfa, 0x00, 0x0b, 0xfd,
  0x00, 0x02, 0xff, 0x40, 0x00, 0x4f, 0xf4, 0x00, 0x8f, 0xc0, 0x00, 0x00, 0xdf, 0xb0, 0x1e, 0xf6,
  0x00, 0x00, 0x06, 0xff, 0x26, 0xfe, 0x10, 0x00, 0x00, 0x1e, 0xf8, 0xcf, 0x80, 0x00, 0x00, 0x00,
  0x8f, 0xff, 0xf2, 0x00, 0x00, 0x00, 0x02, 0xff, 0xfa, 0x00, 0x00, 0x00, 0x00, 0x0d, 0xff, 0x30,
  0x00, 0x00, 0x00, 0x00, 0xbf, 0xc0, 0x00, 0x00, 0x06, 0x52, 0x6f, 0xf5, 0x00, 0x00, 0x01, 0xef,
  0xff, 0xfb, 0x00, 0x00, 0x00, 0x18, 0xdf, 0xe8, 0x00, 0x00, 0x00, 0x00, 0x00, 0x00, 0x00, 0x00,
  0x00, 0x00, 0x00, 0x00, 0x00, 0x0c, 0xd6, 0x00, 0x00, 0x00, 0x00, 0x00, 0x00, 0x00, 0xef, 0x70,
  0x00, 0x00, 0x00, 0x00, 0x00, 0x00, 0x0e, 0xf7, 0x00, 0x00, 0x00, 0x00, 0x00, 0x00, 0x00, 0xef,
  0x70, 0x00, 0x00, 0x00, 0x00, 0x00, 0x59, 0xbf, 0xff, 0xa7, 0x20, 0x00, 0x00, 0x04, 0xdf, 0xff,
  0xff, 0xff, 0xff, 0xa1, 0x00, 0x04, 0xff, 0xe9, 0x6f, 0xfc, 0x7c, 0xff, 0xc0, 0x00, 0xdf, 0xd2,
  0x00, 0xef, 0x70, 0x07, 0xff, 0x60, 0x2f, 0xf6, 0x00, 0x0e, 0xf7, 0x00, 0x0d, 0xfa, 0x03, 0xff,
  0x30, 0x00, 0xef, 0x70, 0x00, 0xaf, 0xc0, 0x3f, 0xf5, 0x00, 0x0e, 0xf7, 0x00, 0x0c, 0xfb, 0x00,
  0xef, 0xb0, 0x00, 0xef, 0x70, 0x03, 0xff, 0x70, 0x07, 0xff, 0xb4, 0x0e, 0xf7, 0x26, 0xef, 0xe1,
  0x00, 0x09, 0xff, 0xff, 0xff, 0xff, 0xff, 0xe3, 0x00, 0x00, 0x04, 0xae, 0xff, 0xff, 0xfd, 0x71,
  0x00, 0x00, 0x00, 0x00, 0x02, 0xff, 0x91, 0x00, 0x00, 0x00, 0x00, 0x00, 0x00, 0x0e, 0xf7, 0x00,
  0x00, 0x00, 0x00, 0x00, 0x00, 0x00, 0xef, 0x70, 0x00, 0x00, 0x00, 0x00, 0x00, 0x00, 0x0c, 0xd6,
  0x00, 0x00, 0x00, 0x00, 0x4a, 0xa4, 0x00, 0x00, 0x9a, 0x80, 0x0b, 0xfe, 0x20, 0x08, 0xff, 0x30,
  0x01, 0xef, 0xb0, 0x4f, 0xf6, 0x00, 0x00, 0x4f, 0xf9, 0xef, 0xa0, 0x00, 0x00, 0x07, 0xff, 0xfd,
  0x10, 0x00, 0x00, 0x00, 0xff, 0xf4, 0x00, 0x00, 0x00, 0x05, 0xff, 0xfc, 0x00, 0x00, 0x00, 0x3e,
  0xfb, 0xff, 0x90, 0x00, 0x01, 0xdf, 0xc0, 0x6f, 0xf5, 0x00, 0x0a, 0xfe, 0x20, 0x0a, 0xfe, 0x20,
  0x6f, 0xf5, 0x00, 0x01, 0xdf, 0xd1, 0x03, 0xaa, 0x20, 0x00, 0x07, 0xa8, 0x00, 0x05, 0xff, 0x30,
  0x00, 0x0b, 0xfc, 0x00, 0x05, 0xff, 0x30, 0x00, 0x0b, 0xfc, 0x00, 0x05, 0xff, 0x30, 0x00, 0x0b,
  0xfc, 0x00, 0x05, 0xff, 0x30, 0x00, 0x0b, 0xfc, 0x00, 0x05, 0xff, 0x30, 0x00, 0x0b, 0xfc, 0x00,
  0x05, 0xff, 0x30, 0x00, 0x0b, 0xfc, 0x00, 0x05, 0xff, 0x30, 0x00, 0x0b, 0xfc, 0x00, 0x05, 0xff,
  0x42, 0x22, 0x2d, 0xfe, 0x21, 0x05, 0xff, 0xff, 0xff, 0xff, 0xff, 0xf6, 0x05, 0xff, 0xff, 0xff,
  0xff, 0xff, 0xf6, 0x00, 0x00, 0x00, 0x00, 0x00, 0x0e, 0xf6, 0x00, 0x00, 0x00, 0x00, 0x00, 0x0e,
  0xf6, 0x00, 0x00, 0x00, 0x00, 0x00, 0x05, 0x62, 0x3a, 0xa3, 0x00, 0x00, 0x8a, 0x70, 0x4f, 0xf4,
  0x00, 0x00, 0xcf, 0xb0, 0x4f, 0xf4, 0x00, 0x00, 0xcf, 0xb0, 0x4f, 0xf4, 0x00, 0x00, 0xcf, 0xb0,
  0x3f, 0xf7, 0x00, 0x00, 0xcf, 0xb0, 0x0e, 0xff, 0x96, 0x8b, 0xff, 0xb0, 0x04, 0xef, 0xff, 0xff,
  0xff, 0xb0, 0x00, 0x16, 0x88, 0x62, 0xcf, 0xb0, 0x00, 0x00, 0x00, 0x00, 0xcf, 0xb0, 0x00, 0x00,
  0x00, 0x00, 0xcf, 0xb0, 0x00, 0x00, 0x00, 0x00, 0xcf, 0xb0, 0x03, 0xaa, 0x20, 0x00, 0x7a, 0x80,
  0x00, 0x1a, 0xa4, 0x00, 0x5f, 0xf3, 0x00, 0x0a, 0xfc, 0x00, 0x01, 0xff, 0x60, 0x05, 0xff, 0x30,
  0x00, 0xaf, 0xc0, 0x00, 0x1f, 0xf6, 0x00, 0x5f, 0xf3, 0x00, 0x0a, 0xfc, 0x00, 0x01, 0xff, 0x60,
  0x05, 0xff, 0x30, 0x00, 0xaf, 0xc0, 0x00, 0x1f, 0xf6, 0x00, 0x5f, 0xf3, 0x00, 0x0a, 0xfc, 0x00,
  0x01, 0xff, 0x60, 0x05, 0xff, 0x30, 0x00, 0xaf, 0xc0, 0x00, 0x1f, 0xf6, 0x00, 0x5f, 0xf3, 0x00,
  0x0a, 0xfc, 0x00, 0x01, 0xff, 0x60, 0x05, 0xff, 0x52, 0x22, 0xcf, 0xe2, 0x22, 0x3f, 0xf6, 0x00,
  0x5f, 0xff, 0xff, 0xff, 0xff, 0xff, 0xff, 0xff, 0x60, 0x05, 0xff, 0xff, 0xff, 0xff, 0xff, 0xff,
  0xff, 0xf6, 0x00, 0x03, 0xaa, 0x20, 0x00, 0x7a, 0x80, 0x00, 0x1a, 0xa4, 0x00, 0x05, 0xff, 0x30,
  0x00, 0xaf, 0xc0, 0x00, 0x1f, 0xf6, 0x00, 0x05, 0xff, 0x30, 0x00, 0xaf, 0xc0, 0x00, 0x1f, 0xf6,
  0x00, 0x05, 0xff, 0x30, 0x00, 0xaf, 0xc0, 0x00, 0x1f, 0xf6, 0x00, 0x05, 0xff, 0x30, 0x00, 0xaf,
  0xc0, 0x00, 0x1f, 0xf6, 0x00, 0x05, 0xff, 0x30, 0x00, 0xaf, 0xc0, 0x00, 0x1f, 0xf6, 0x00, 0x05,
  0xff, 0x30, 0x00, 0xaf, 0xc0, 0x00, 0x1f, 0xf6, 0x00, 0x05, 0xff, 0x30, 0x00, 0xaf, 0xc0, 0x00,
  0x1f, 0xf6, 0x00, 0x05, 0xff, 0x52, 0x22, 0xcf, 0xe2, 0x22, 0x3f, 0xf8, 0x20, 0x05, 0xff, 0xff,
  0xff, 0xff, 0xff, 0xff, 0xff, 0xff, 0xf3, 0x05, 0xff, 0xff, 0xff, 0xff, 0xff, 0xff, 0xff, 0xff,
  0xf3, 0x00, 0x00, 0x00, 0x00, 0x00, 0x00, 0x00, 0x00, 0x2f, 0xf3, 0x00, 0x00, 0x00, 0x00, 0x00,
  0x00, 0x00, 0x00, 0x2f, 0xf3, 0x00, 0x00, 0x00, 0x00, 0x00, 0x00, 0x00, 0x00, 0x03, 0x31, 0x9a,
  0xaa, 0xa8, 0x00, 0x00, 0x00, 0x0d, 0xff, 0xff, 0xc0, 0x00, 0x00, 0x00, 0x67, 0x7d, 0xfc, 0x00,
  0x00, 0x00, 0x00, 0x00, 0xbf, 0xd3, 0x33, 0x10, 0x00, 0x00, 0x0b, 0xff, 0xff, 0xff, 0xd4, 0x00,
  0x00, 0xbf, 0xe8, 0x89, 0xef, 0xf3, 0x00, 0x0b, 0xfc, 0x00, 0x02, 0xff, 0x90, 0x00, 0xbf, 0xc0,
  0x00, 0x0e, 0xfa, 0x00, 0x0b, 0xfc, 0x00, 0x05, 0xff, 0x80, 0x00, 0xbf, 0xfd, 0xde, 0xff, 0xd1,
  0x00, 0x0b, 0xff, 0xff, 0xed, 0x81, 0x00, 0x03, 0xaa, 0x20, 0x00, 0x00, 0x00, 0x6a, 0xa0, 0x00,
  0x5f, 0xf3, 0x00, 0x00, 0x00, 0x08, 0xfe, 0x00, 0x05, 0xff, 0x30, 0x00, 0x00, 0x00, 0x8f, 0xe0,
  0x00, 0x5f, 0xf5, 0x33, 0x10, 0x00, 0x08, 0xfe, 0x00, 0x05, 0xff, 0xff, 0xff, 0xe7, 0x00, 0x8f,
  0xe0, 0x00, 0x5f, 0xfa, 0x89, 0xcf, 0xf9, 0x08, 0xfe, 0x00, 0x05, 0xff, 0x30, 0x00, 0xaf, 0xe0,
  0x8f, 0xe0, 0x00, 0x5f, 0xf3, 0x00, 0x07, 0xff, 0x18, 0xfe, 0x00, 0x05, 0xff, 0x30, 0x01, 0xcf,
  0xe0, 0x8f, 0xe0, 0x00, 0x5f, 0xfd, 0xdd, 0xff, 0xf6, 0x08, 0xfe, 0x00, 0x05, 0xff, 0xff, 0xfe,
  0xb4, 0x00, 0x8f, 0xe0, 0x00, 0x00, 0x00, 0x00, 0x00, 0x00, 0x00, 0x00, 0x00, 0x03, 0xaa, 0x20,
  0x00, 0x00, 0x00, 0x05, 0xff, 0x30, 0x00, 0x00, 0x00, 0x05, 0xff, 0x30, 0x00, 0x00, 0x00, 0x05,
  0xff, 0x53, 0x32, 0x00, 0x00, 0x05, 0xff, 0xff, 0xff, 0xf9, 0x10, 0x05, 0xff, 0xa8, 0x9b, 0xff,
  0xb0, 0x05, 0xff, 0x30, 0x00, 0x8f, 0xf2, 0x05, 0xff, 0x30, 0x00, 0x5f, 0xf4, 0x05, 0xff, 0x30,
  0x01, 0xbf, 0xf1, 0x05, 0xff, 0xdd, 0xde, 0xff, 0x90, 0x05, 0xff, 0xff, 0xfe, 0xc5, 0x00, 0x00,
  0x00, 0x00, 0x00, 0x00, 0x00, 0x00, 0x6a, 0xcc, 0xa5, 0x00, 0x00, 0x2d, 0xff, 0xff, 0xff, 0xc2,
  0x00, 0x3e, 0xd6, 0x33, 0x7e, 0xfc, 0x00, 0x02, 0x10, 0x00, 0x03, 0xff, 0x60, 0x00, 0x02, 0x44,
  0x44, 0xef, 0xb0, 0x00, 0x07, 0xff, 0xff, 0xff, 0xd0, 0x00, 0x03, 0x88, 0x88, 0xff, 0xc0, 0x00,
  0x00, 0x00, 0x01, 0xef, 0x80, 0x1b, 0x81, 0x00, 0x2c, 0xfe, 0x20, 0x5f, 0xff, 0xdd, 0xff, 0xe5,
  0x00, 0x04, 0xbf, 0xff, 0xfa, 0x20, 0x00, 0x00, 0x00, 0x22, 0x00, 0x00, 0x00, 0x03, 0xaa, 0x20,
  0x00, 0x17, 0xbc, 0xa6, 0x10, 0x00, 0x05, 0xff, 0x30, 0x04, 0xef, 0xff, 0xff, 0xd3, 0x00, 0x05,
  0xff, 0x30, 0x2e, 0xfe, 0x75, 0x8e, 0xfe, 0x20, 0x05, 0xff, 0x30, 0xaf, 0xe2, 0x00, 0x03, 0xff,
  0x80, 0x05, 0xff, 0x98, 0xff, 0x80, 0x00, 0x00, 0xaf, 0xd0, 0x05, 0xff, 0xff, 0xff, 0x60, 0x00,
  0x00, 0x8f, 0xf0, 0x05, 0xff, 0xbb, 0xff, 0x70, 0x00, 0x00, 0x9f, 0xe0, 0x05, 0xff, 0x30, 0xcf,
  0xc0, 0x00, 0x01, 0xef, 0xa0, 0x05, 0xff, 0x30, 0x5f, 0xfa, 0x20, 0x3b, 0xff, 0x40, 0x05, 0xff,
  0x30, 0x08, 0xff, 0xff, 0xff, 0xf7, 0x00, 0x05, 0xff, 0x30, 0x00, 0x5c, 0xff, 0xfb, 0x40, 0x00,
  0x00, 0x00, 0x00, 0x00, 0x00, 0x01, 0x00, 0x00, 0x00, 0x00, 0x04, 0x89, 0xaa, 0xaa, 0x70, 0x02,
  0xcf, 0xff, 0xff, 0xff, 0xb0, 0x0b, 0xff, 0xa7, 0x66, 0xdf, 0xb0, 0x0f, 0xfa, 0x00, 0x00, 0x8f,
  0xb0, 0x1f, 0xf8, 0x00, 0x00, 0x8f, 0xb0, 0x0d, 0xfd, 0x30, 0x00, 0x8f, 0xb0, 0x04, 0xef, 0xff,
  0xfe, 0xff, 0xb0, 0x00, 0x1f, 0xff, 0xcc, 0xff, 0xb0, 0x00, 0x7f, 0xf3, 0x00, 0x8f, 0xb0, 0x03,
  0xff, 0x70, 0x00, 0x8f, 0xb0, 0x0d, 0xfc, 0x00, 0x00, 0x8f, 0xb0, 0x00, 0x09, 0x90, 0x0a, 0x90,
  0x00, 0x00, 0x02, 0xff, 0x33, 0xff, 0x20, 0x00, 0x00, 0x07, 0x80, 0x08, 0x70, 0x00, 0x00, 0x00,
  0x00, 0x00, 0x00, 0x00, 0x00, 0x00, 0x02, 0x8b, 0xca, 0x50, 0x00, 0x00, 0x06, 0xff, 0xff, 0xff,
  0xc1, 0x00, 0x04, 0xff, 0xb5, 0x47, 0xef, 0xb0, 0x00, 0xcf, 0xb0, 0x00, 0x03, 0xff, 0x40, 0x2f,
  0xf8, 0x33, 0x33, 0x3f, 0xf8, 0x03, 0xff, 0xff, 0xff, 0xff, 0xff, 0xa0, 0x2f, 0xfb, 0x77, 0x77,
  0x77, 0x74, 0x00, 0xef, 0xa0, 0x00, 0x00, 0x00, 0x00, 0x07, 0xff, 0xa2, 0x01, 0x5d, 0x30, 0x00,
  0x0a, 0xff, 0xff, 0xff, 0xfb, 0x00, 0x00, 0x05, 0xcf, 0xff, 0xd7, 0x10, 0x00, 0x00, 0x00, 0x01,
  0x10, 0x00, 0x00,
};
static const screen_font_glyph_t montserrat_title_glyphs[] = {
  {0x0020, 6, 0, 0, 20, 6, 0},
  {0x0021, 6, 15, 0, 6, 6, 0},
  {0x0022, 8, 14, 0, 6, 8, 45},
  {0x0023, 14, 14, 0, 6, 14, 101},
  {0x0024, 13, 20, 0, 3, 13, 199},
  {0x0025, 17, 16, 0, 5, 17, 329},
  {0x0026, 14, 16, 0, 5, 14, 465},
  {0x0027, 4, 14, 0, 6, 4, 577},
  {0x0028, 7, 19, 0, 5, 7, 605},
  {0x0029, 7, 19, 0, 5, 7, 672},
  {0x002a, 8, 15, 0, 5, 8, 739},
  {0x002b, 12, 12, 0, 8, 12, 799},
  {0x002c, 5, 8, 0, 16, 5, 871},
  {0x002d, 8, 7, 0, 13, 8, 891},
  {0x002e, 5, 5, 0, 16, 5, 919},
  {0x002f, 10, 19, -1, 3, 7, 932},
  {0x0030, 13, 16, 0, 5, 13, 1027},
  {0x0031, 8, 14, 0, 6, 8, 1131},
  {0x0032, 12, 15, 0, 5, 12, 1187},
  {0x0033, 12, 15, 0, 6, 12, 1277},
  {0x0034, 14, 14, 0, 6, 14, 1367},
  {0x0035, 12, 15, 0, 6, 12, 1465},
  {0x0036, 13, 16, 0, 5, 13, 1555},
  {0x0037, 12, 14, 0, 6, 12, 1659},
  {0x0038, 13, 16, 0, 5, 13, 1743},
  {0x0039, 13, 16, 0, 5, 13, 1847},
  {0x003a, 5, 13, 0, 8, 5, 1951},
  {0x003b, 5, 16, 0, 8, 5, 1984},
  {0x003c, 12, 12, 0, 8, 12, 2024},
  {0x003d, 12, 11, 0, 9, 12, 2096},
  {0x003e, 12, 12, 0, 8, 12, 2162},
  {0x003f, 12, 16, 0, 5, 12, 2234},
  {0x0040, 21, 20, 0, 5, 21, 2330},
  {0x0041, 17, 14, -1, 6, 15, 2540},
  {0x0042, 15, 14, 0, 6, 15, 2659},
  {0x0043, 14, 16, 0, 5, 14, 2764},
  {0x0044, 17, 14, 0, 6, 17, 2876},
  {0x0045, 13, 14, 0, 6, 13, 2995},
  {0x0046, 13, 14, 0, 6, 13, 3086},
  {0x0047, 15, 16, 0, 5, 15, 3177},
  {0x0048, 16, 14, 0, 6, 16, 3297},
  {0x0049, 6, 14, 0, 6, 6, 3409},
  {0x004a, 12, 15, -1, 6, 11, 3451},
  {0x004b, 15, 14, 0, 6, 15, 3541},
  {0x004c, 12, 14, 0, 6, 12, 3646},
  {0x004d, 19, 14, 0, 6, 19, 3730},
  {0x004e, 16, 14, 0, 6, 16, 3863},
  {0x004f, 17, 16, 0, 5, 17, 3975},
  {0x0050, 15, 14, 0, 6, 15, 4111},
  {0x0051, 17, 19, 0, 5, 17, 4216},
  {0x0052, 15, 14, 0, 6, 15, 4378},
  {0x0053, 13, 16, 0, 5, 13, 4483},
  {0x0054, 12, 14, 0, 6, 12, 4587},
  {0x0055, 16, 15, 0, 6, 16, 4671},
  {0x0056, 16, 14, -1, 6, 15, 4791},
  {0x0057, 23, 14, 0, 6, 23, 4903},
  {0x0058, 14, 14, 0, 6, 14, 5064},
  {0x0059, 15, 14, -1, 6, 13, 5162},
  {0x005a, 13, 14, 0, 6, 13, 5267},
  {0x005b, 7, 19, 0, 5, 7, 5358},
  {0x005c, 10, 19, -1, 3, 7, 5425},
  {0x005d, 7, 19, 0, 5, 7, 5520},
  {0x005e, 12, 12, 0, 8, 12, 5587},
  {0x005f, 10, 2, 0, 20, 10, 5659},
  {0x0060, 12, 15, 0, 5, 12, 5669},
  {0x0061, 12, 12, 0, 9, 12, 5759},
  {0x0062, 14, 16, 0, 5, 14, 5831},
  {0x0063, 12, 12, 0, 9, 12, 5943},
  {0x0064, 14, 16, 0, 5, 14, 6015},
  {0x0065, 12, 12, 0, 9, 12, 6127},
  {0x0066, 9, 15, 0, 5, 7, 6199},
  {0x0067, 14, 16, 0, 9, 14, 6267},
  {0x0068, 14, 15, 0, 5, 14, 6379},
  {0x0069, 6, 16, 0, 4, 6, 6484},
  {0x006a, 8, 21, -2, 4, 6, 6532},
  {0x006b, 13, 15, 0, 5, 13, 6616},
  {0x006c, 6, 15, 0, 5, 6, 6714},
  {0x006d, 21, 11, 0, 9, 21, 6759},
  {0x006e, 14, 11, 0, 9, 14, 6875},
  {0x006f, 13, 12, 0, 9, 13, 6952},
  {0x0070, 14, 15, 0, 9, 14, 7030},
  {0x0071, 14, 15, 0, 9, 14, 7135},
  {0x0072, 8, 11, 0, 9, 8, 7240},
  {0x0073, 10, 12, 0, 9, 10, 7284},
  {0x0074, 9, 15, 0, 6, 8, 7344},
  {0x0075, 14, 12, 0, 9, 14, 7412},
  {0x0076, 13, 11, -1, 9, 12, 7496},
  {0x0077, 19, 11, 0, 9, 18, 7568},
  {0x0078, 12, 11, 0, 9, 11, 7673},
  {0x0079, 13, 16, -1, 9, 12, 7739},
  {0x007a, 11, 11, 0, 9, 11, 7843},
  {0x007b, 8, 19, 0, 5, 7, 7904},
  {0x007c, 6, 19, 0, 5, 6, 7980},
  {0x007d, 7, 19, 0, 5, 7, 8037},
  {0x007e, 12, 9, 0, 11, 12, 8104},
  {0x0401, 13, 18, 0, 2, 13, 8158},
  {0x0410, 17, 14, -1, 6, 16, 8275},
  {0x0411, 15, 14, 0, 6, 15, 8394},
  {0x0412, 15, 14, 0, 6, 15, 8499},
  {0x0413, 12, 14, 0, 6, 12, 8604},
  {0x0414, 16, 17, 0, 6, 16, 8688},
  {0x0415, 13, 14, 0, 6, 13, 8824},
  {0x0416, 21, 14, 0, 6, 21, 8915},
  {0x0417, 14, 16, -1, 5, 13, 9062},
  {0x0418, 16, 14, 0, 6, 16, 9174},
  {0x0419, 16, 18, 0, 2, 16, 9286},
  {0x041a, 15, 14, 0, 6, 14, 9430},
  {0x041b, 16, 15, 0, 6, 16, 9535},
  {0x041c, 19, 14, 0, 6, 19, 9655},
  {0x041d, 16, 14, 0, 6, 16, 9788},
  {0x041e, 17, 16, 0, 5, 17, 9900},
  {0x041f, 16, 14, 0, 6, 16, 10036},
  {0x0420, 14, 14, 0, 6, 14, 10148},
  {0x0421, 14, 16, 0, 5, 14, 10246},
  {0x0422, 13, 14, 0, 6, 12, 10358},
  {0x0423, 14, 15, 0, 6, 14, 10449},
  {0x0424, 19, 16, 0, 5, 19, 10554},
  {0x0425, 14, 14, 0, 6, 14, 10706},
  {0x0426, 17, 18, 0, 6, 17, 10804},
  {0x0427, 14, 14, 0, 6, 14, 10957},
  {0x0428, 22, 14, 0, 6, 22, 11055},
  {0x0429, 23, 17, 0, 6, 22, 11209},
  {0x042a, 17, 14, 0, 6, 17, 11405},
  {0x042b, 20, 14, 0, 6, 20, 11524},
  {0x042c, 14, 14, 0, 6, 14, 11664},
  {0x042d, 14, 16, 0, 5, 14, 11762},
  {0x042e, 22, 16, 0, 5, 22, 11874},
  {0x042f, 15, 14, 0, 6, 15, 12050},
  {0x0430, 12, 12, 0, 9, 12, 12155},
  {0x0431, 13, 17, 0, 4, 13, 12227},
  {0x0432, 12, 11, 0, 9, 12, 12338},
  {0x0433, 10, 11, 0, 9, 10, 12404},
  {0x0434, 14, 14, 0, 9, 14, 12459},
  {0x0435, 13, 12, 0, 9, 13, 12557},
  {0x0436, 18, 11, 0, 9, 18, 12635},
  {0x0437, 11, 12, 0, 9, 11, 12734},
  {0x0438, 14, 11, 0, 9, 14, 12800},
  {0x0439, 14, 15, 0, 5, 14, 12877},
  {0x043a, 13, 11, 0, 9, 12, 12982},
  {0x043b, 13, 12, 0, 9, 13, 13054},
  {0x043c, 16, 11, 0, 9, 16, 13132},
  {0x043d, 14, 11, 0, 9, 14, 13220},
  {0x043e, 13, 12, 0, 9, 13, 13297},
  {0x043f, 14, 11, 0, 9, 14, 13375},
  {0x0440, 14, 15, 0, 9, 14, 13452},
  {0x0441, 12, 12, 0, 9, 12, 13557},
  {0x0442, 11, 11, 0, 9, 10, 13629},
  {0x0443, 13, 16, -1, 9, 12, 13690},
  {0x0444, 17, 19, 0, 5, 17, 13794},
  {0x0445, 12, 11, 0, 9, 11, 13956},
  {0x0446, 14, 14, 0, 9, 14, 14022},
  {0x0447, 12, 11, 0, 9, 12, 14120},
  {0x0448, 19, 11, 0, 9, 19, 14186},
  {0x0449, 20, 14, 0, 9, 19, 14291},
  {0x044a, 13, 11, 0, 9, 13, 14431},
  {0x044b, 17, 12, 0, 9, 17, 14503},
  {0x044c, 12, 12, 0, 9, 12, 14605},
  {0x044d, 12, 12, 0, 9, 12, 14677},
  {0x044e, 18, 12, 0, 9, 18, 14749},
  {0x044f, 12, 11, 0, 9, 12, 14857},
  {0x0451, 13, 16, 0, 5, 13, 14923},
};
static const screen_font_data_t montserrat_title = {montserrat_title_glyphs, montserrat_title_bitmap, 161};
const screen_font_data_t *screen_font_data_get(screen_font_size_t size) {
  switch (size) {
    case SCREEN_FONT_SMALL: return &montserrat_small;
    case SCREEN_FONT_HINT: return &montserrat_hint;
    case SCREEN_FONT_TITLE: return &montserrat_title;
    default: return 0;
  }
}
